,date,open,high,low,close,volume,amount,outstanding_share,turnover,股票代码,股票名称
0,2022-01-04,12.23,12.51,12.22,12.44,1569877.0,23587407.0,160000000.0,0.00981173125,sh603706,东方环宇
1,2022-01-05,12.41,12.49,12.19,12.26,1017000.0,15107432.0,160000000.0,0.00635625,sh603706,东方环宇
2,2022-01-06,12.27,12.43,12.22,12.31,950700.0,14218566.0,160000000.0,0.005941875,sh603706,东方环宇
3,2022-01-07,12.28,12.42,12.08,12.12,1072800.0,15923576.0,160000000.0,0.006705,sh603706,东方环宇
4,2022-01-10,12.14,12.25,11.9,12.22,861900.0,12667387.0,160000000.0,0.005386875,sh603706,东方环宇
5,2022-01-11,12.21,12.46,12.18,12.23,818200.0,12209247.0,160000000.0,0.00511375,sh603706,东方环宇
6,2022-01-12,12.25,12.56,12.25,12.56,2044299.0,30858464.0,160000000.0,0.01277686875,sh603706,东方环宇
7,2022-01-13,12.57,12.69,12.46,12.53,1097000.0,16692447.0,160000000.0,0.00685625,sh603706,东方环宇
8,2022-01-14,12.41,12.53,12.2,12.22,1266800.0,18908607.0,160000000.0,0.0079175,sh603706,东方环宇
9,2022-01-17,12.27,12.39,12.18,12.39,1029500.0,15333052.0,160000000.0,0.006434375,sh603706,东方环宇
10,2022-01-18,12.39,12.48,12.03,12.06,1274235.0,18755237.0,160000000.0,0.00796396875,sh603706,东方环宇
11,2022-01-19,12.13,12.25,12.07,12.19,738735.0,10895779.0,160000000.0,0.00461709375,sh603706,东方环宇
12,2022-01-20,12.24,12.29,11.7,11.72,1178900.0,17017986.0,160000000.0,0.007368125,sh603706,东方环宇
13,2022-01-21,11.7,11.81,11.58,11.72,760800.0,10764937.0,160000000.0,0.004755,sh603706,东方环宇
14,2022-01-24,11.72,11.72,11.51,11.53,602100.0,8448085.0,160000000.0,0.003763125,sh603706,东方环宇
15,2022-01-25,11.68,11.68,10.95,11.01,993500.0,13474062.0,160000000.0,0.006209375,sh603706,东方环宇
16,2022-01-26,11.05,11.32,11.05,11.24,702600.0,9530288.0,160000000.0,0.00439125,sh603706,东方环宇
17,2022-01-27,11.23,11.32,10.9,10.99,805300.0,10789522.0,160000000.0,0.005033125,sh603706,东方环宇
18,2022-01-28,11.07,11.37,11.01,11.29,773835.0,10512612.0,160000000.0,0.00483646875,sh603706,东方环宇
19,2022-02-07,11.44,11.59,11.38,11.51,809000.0,11242680.0,160000000.0,0.00505625,sh603706,东方环宇
20,2022-02-08,11.65,11.97,11.56,11.97,1381200.0,19768287.0,160000000.0,0.0086325,sh603706,东方环宇
21,2022-02-09,11.93,11.97,11.77,11.94,897600.0,12916080.0,160000000.0,0.00561,sh603706,东方环宇
22,2022-02-10,11.94,12.09,11.56,12.08,1048600.0,15161719.0,160000000.0,0.00655375,sh603706,东方环宇
23,2022-02-11,12.05,12.05,11.74,11.84,727000.0,10440302.0,160000000.0,0.00454375,sh603706,东方环宇
24,2022-02-14,11.84,11.96,11.7,11.84,720300.0,10321757.0,160000000.0,0.004501875,sh603706,东方环宇
25,2022-02-15,11.84,11.91,11.67,11.76,525500.0,7485473.0,160000000.0,0.003284375,sh603706,东方环宇
26,2022-02-16,11.83,11.93,11.77,11.92,606600.0,8716391.0,160000000.0,0.00379125,sh603706,东方环宇
27,2022-02-17,12.03,12.06,11.8,11.89,684600.0,9879910.0,160000000.0,0.00427875,sh603706,东方环宇
28,2022-02-18,11.83,11.94,11.74,11.94,438900.0,6307361.0,160000000.0,0.002743125,sh603706,东方环宇
29,2022-02-21,11.92,12.06,11.89,12.03,558900.0,8121516.0,160000000.0,0.003493125,sh603706,东方环宇
30,2022-02-22,12.13,12.37,11.92,12.18,2065000.0,30309490.0,160000000.0,0.01290625,sh603706,东方环宇
31,2022-02-23,12.11,12.23,11.99,12.16,1348700.0,19779365.0,160000000.0,0.008429375,sh603706,东方环宇
32,2022-02-24,12.22,12.51,12.04,12.31,3065033.0,45671056.0,160000000.0,0.01915645625,sh603706,东方环宇
33,2022-02-25,12.14,12.37,12.06,12.32,1826336.0,27065931.0,160000000.0,0.0114146,sh603706,东方环宇
34,2022-02-28,12.37,12.44,12.08,12.19,1253300.0,18562176.0,160000000.0,0.007833125,sh603706,东方环宇
35,2022-03-01,12.27,12.35,12.08,12.35,1199300.0,17763639.0,160000000.0,0.007495625,sh603706,东方环宇
36,2022-03-02,12.36,12.61,12.23,12.55,2475466.0,37380491.0,160000000.0,0.0154716625,sh603706,东方环宇
37,2022-03-03,12.56,12.75,12.46,12.68,2616300.0,39921160.0,160000000.0,0.016351875,sh603706,东方环宇
38,2022-03-04,12.61,12.61,12.23,12.28,1821950.0,27204142.0,160000000.0,0.0113871875,sh603706,东方环宇
39,2022-03-07,12.31,12.46,12.07,12.19,1668600.0,24723235.0,160000000.0,0.01042875,sh603706,东方环宇
40,2022-03-08,12.06,12.19,11.61,11.61,1514500.0,21711826.0,160000000.0,0.009465625,sh603706,东方环宇
41,2022-03-09,11.64,11.89,10.99,11.36,1754800.0,24340422.0,160000000.0,0.0109675,sh603706,东方环宇
42,2022-03-10,11.47,11.9,11.47,11.8,1300901.0,18496166.0,160000000.0,0.00813063125,sh603706,东方环宇
43,2022-03-11,11.84,11.84,11.48,11.73,1029900.0,14508615.0,160000000.0,0.006436875,sh603706,东方环宇
44,2022-03-14,11.56,11.64,11.23,11.23,1180300.0,16281697.0,160000000.0,0.007376875,sh603706,东方环宇
45,2022-03-15,11.24,11.24,10.36,10.38,1824830.0,23766629.0,160000000.0,0.0114051875,sh603706,东方环宇
46,2022-03-16,10.65,10.73,10.22,10.66,1245288.0,15875288.0,160000000.0,0.00778305,sh603706,东方环宇
47,2022-03-17,10.83,10.86,10.61,10.66,1044957.0,13578176.0,160000000.0,0.00653098125,sh603706,东方环宇
48,2022-03-18,10.57,10.8,10.56,10.77,808114.0,10487594.0,160000000.0,0.0050507125,sh603706,东方环宇
49,2022-03-21,10.77,10.9,10.69,10.89,862700.0,11280195.0,160000000.0,0.005391875,sh603706,东方环宇
50,2022-03-22,10.85,11.15,10.79,11.04,943000.0,12502578.0,160000000.0,0.00589375,sh603706,东方环宇
51,2022-03-23,11.07,11.13,10.89,10.95,555100.0,7371744.0,160000000.0,0.003469375,sh603706,东方环宇
52,2022-03-24,10.94,11.07,10.75,10.8,919700.0,12093976.0,160000000.0,0.005748125,sh603706,东方环宇
53,2022-03-25,10.8,10.98,10.76,10.86,588500.0,7758336.0,160000000.0,0.003678125,sh603706,东方环宇
54,2022-03-28,10.89,11.04,10.67,10.98,718200.0,9487624.0,160000000.0,0.00448875,sh603706,东方环宇
55,2022-03-29,11.04,11.06,10.8,10.81,612600.0,8094054.0,160000000.0,0.00382875,sh603706,东方环宇
56,2022-03-30,10.94,11.04,10.75,10.86,765800.0,10095502.0,160000000.0,0.00478625,sh603706,东方环宇
57,2022-03-31,10.86,11.02,10.85,10.94,585600.0,7762022.0,160000000.0,0.00366,sh603706,东方环宇
58,2022-04-01,10.99,11.15,10.87,11.05,977500.0,13036625.0,160000000.0,0.006109375,sh603706,东方环宇
59,2022-04-06,11.05,11.34,11.03,11.32,982900.0,13361456.0,160000000.0,0.006143125,sh603706,东方环宇
60,2022-04-07,11.32,11.32,11.08,11.15,799500.0,10796924.0,160000000.0,0.004996875,sh603706,东方环宇
61,2022-04-08,11.17,11.27,10.95,11.16,794600.0,10706823.0,160000000.0,0.00496625,sh603706,东方环宇
62,2022-04-11,11.11,11.32,10.82,10.86,1048800.0,14018310.0,160000000.0,0.006555,sh603706,东方环宇
63,2022-04-12,10.9,11.06,10.71,11.02,802400.0,10538294.0,160000000.0,0.005015,sh603706,东方环宇
64,2022-04-13,11.02,11.31,10.95,11.14,1266200.0,17141559.0,160000000.0,0.00791375,sh603706,东方环宇
65,2022-04-14,11.18,11.26,11.08,11.17,1030500.0,13928427.0,160000000.0,0.006440625,sh603706,东方环宇
66,2022-04-15,11.19,11.3,11.07,11.2,954700.0,12961125.0,160000000.0,0.005966875,sh603706,东方环宇
67,2022-04-18,11.67,12.32,11.67,12.32,2983800.0,43837035.0,160000000.0,0.01864875,sh603706,东方环宇
68,2022-04-19,12.91,12.91,12.35,12.52,9472300.0,145366822.0,160000000.0,0.059201875,sh603706,东方环宇
69,2022-04-20,12.16,13.2,12.16,12.72,7195587.0,110135913.0,160000000.0,0.04497241875,sh603706,东方环宇
70,2022-04-21,12.6,13.34,12.51,12.52,5409000.0,84073329.0,160000000.0,0.03380625,sh603706,东方环宇
71,2022-04-22,12.68,13.21,12.44,12.96,5895900.0,92058548.0,160000000.0,0.036849375,sh603706,东方环宇
72,2022-04-25,12.64,12.8,11.75,11.75,5199300.0,77397694.0,160000000.0,0.032495625,sh603706,东方环宇
73,2022-04-26,11.94,12.56,11.83,12.25,4554000.0,67437705.0,160000000.0,0.0284625,sh603706,东方环宇
74,2022-04-27,11.89,12.29,11.22,11.88,6492800.0,92073104.0,160000000.0,0.04058,sh603706,东方环宇
75,2022-04-28,11.83,13.07,11.64,13.07,4036930.0,62591021.0,160000000.0,0.0252308125,sh603706,东方环宇
76,2022-04-29,14.37,14.37,13.23,13.91,16490701.0,276383537.0,160000000.0,0.10306688125,sh603706,东方环宇
77,2022-05-05,13.5,15.3,13.24,14.74,18858517.0,332737133.0,160000000.0,0.11786573125,sh603706,东方环宇
78,2022-05-06,13.79,14.44,13.48,14.03,12138701.0,205432904.0,160000000.0,0.07586688125,sh603706,东方环宇
79,2022-05-09,13.92,14.29,13.7,14.04,8555354.0,144899859.0,160000000.0,0.0534709625,sh603706,东方环宇
80,2022-05-10,13.55,14.09,13.38,13.99,7058789.0,117908385.0,160000000.0,0.04411743125,sh603706,东方环宇
81,2022-05-11,14.02,14.17,13.51,13.58,9103224.0,151713467.0,160000000.0,0.05689515,sh603706,东方环宇
82,2022-05-12,13.49,13.96,13.15,13.87,8444304.0,139012902.0,160000000.0,0.0527769,sh603706,东方环宇
83,2022-05-13,13.74,14.11,13.44,13.52,5666400.0,93972547.0,160000000.0,0.035415,sh603706,东方环宇
84,2022-05-16,13.52,14.62,13.09,14.24,8669700.0,145928454.0,160000000.0,0.054185625,sh603706,东方环宇
85,2022-05-17,14.03,14.12,13.38,13.72,6478100.0,107375398.0,160000000.0,0.040488125,sh603706,东方环宇
86,2022-05-18,13.55,13.88,13.32,13.33,5062400.0,83224705.0,160000000.0,0.03164,sh603706,东方环宇
87,2022-05-19,13.05,13.05,12.33,12.65,7123263.0,108456327.0,160000000.0,0.04452039375,sh603706,东方环宇
88,2022-05-20,12.54,12.76,12.47,12.57,4665500.0,71266032.0,160000000.0,0.029159375,sh603706,东方环宇
89,2022-05-23,12.62,12.89,12.56,12.77,3847100.0,59303255.0,160000000.0,0.024044375,sh603706,东方环宇
90,2022-05-24,12.75,12.84,12.14,12.15,4477768.0,67214832.0,160000000.0,0.02798605,sh603706,东方环宇
91,2022-05-25,12.13,12.74,12.13,12.67,4130030.0,62726040.0,160000000.0,0.0258126875,sh603706,东方环宇
92,2022-05-26,12.76,12.88,12.56,12.79,3234800.0,49853639.0,160000000.0,0.0202175,sh603706,东方环宇
93,2022-05-27,12.81,12.89,12.61,12.83,3018600.0,46605232.0,160000000.0,0.01886625,sh603706,东方环宇
94,2022-05-30,12.8,12.93,12.65,12.8,2136100.0,32999008.0,160000000.0,0.013350625,sh603706,东方环宇
95,2022-05-31,12.97,13.06,12.72,12.83,3259400.0,50758419.0,160000000.0,0.02037125,sh603706,东方环宇
96,2022-06-01,12.75,12.99,12.62,12.85,2789300.0,43364538.0,160000000.0,0.017433125,sh603706,东方环宇
97,2022-06-02,12.75,12.9,12.69,12.82,1835577.0,28451759.0,160000000.0,0.01147235625,sh603706,东方环宇
98,2022-06-06,12.83,13.15,12.76,13.09,2754500.0,43454408.0,160000000.0,0.017215625,sh603706,东方环宇
99,2022-06-07,13.08,13.35,12.87,13.11,3537618.0,56178296.0,160000000.0,0.0221101125,sh603706,东方环宇
100,2022-06-08,13.22,13.62,12.99,13.39,5356900.0,86589677.0,160000000.0,0.033480625,sh603706,东方环宇
101,2022-06-09,13.34,13.79,13.23,13.79,5356900.0,87885374.0,160000000.0,0.033480625,sh603706,东方环宇
102,2022-06-10,13.74,13.74,13.42,13.6,4517032.0,74326233.0,160000000.0,0.02823145,sh603706,东方环宇
103,2022-06-13,13.51,13.57,13.14,13.29,4247668.0,68395969.0,160000000.0,0.026547925,sh603706,东方环宇
104,2022-06-14,13.09,13.59,13.06,13.58,4342100.0,70188604.0,160000000.0,0.027138125,sh603706,东方环宇
105,2022-06-15,13.57,13.59,13.06,13.06,3420900.0,55293989.0,160000000.0,0.021380625,sh603706,东方环宇
106,2022-06-16,13.08,14.04,13.06,13.58,5550000.0,91861453.0,160000000.0,0.0346875,sh603706,东方环宇
107,2022-06-17,13.45,14.03,13.32,13.37,4261500.0,70087272.0,160000000.0,0.026634375,sh603706,东方环宇
108,2022-06-20,13.35,13.45,13.13,13.13,3030300.0,48502231.0,160000000.0,0.018939375,sh603706,东方环宇
109,2022-06-21,13.11,13.24,12.64,12.77,3288836.0,51110213.0,160000000.0,0.020555225,sh603706,东方环宇
110,2022-06-22,12.83,12.92,12.62,12.64,1456896.0,22483807.0,160000000.0,0.0091056,sh603706,东方环宇
111,2022-06-23,12.73,12.8,12.52,12.8,1587500.0,24357587.0,160000000.0,0.009921875,sh603706,东方环宇
112,2022-06-24,12.81,12.91,12.7,12.87,1457532.0,22655149.0,160000000.0,0.009109575,sh603706,东方环宇
113,2022-06-27,12.88,13.04,12.61,12.71,2279900.0,35234069.0,160000000.0,0.014249375,sh603706,东方环宇
114,2022-06-28,12.66,12.84,12.65,12.8,1530100.0,23633847.0,160000000.0,0.009563125,sh603706,东方环宇
115,2022-06-29,12.73,12.83,12.48,12.51,1695632.0,25896263.0,160000000.0,0.0105977,sh603706,东方环宇
116,2022-06-30,12.52,13.08,12.52,12.92,2920814.0,45322897.0,189382714.0,0.01542281203130292,sh603706,东方环宇
117,2022-07-01,12.92,13.01,12.78,12.84,1252500.0,19506540.0,189382714.0,0.0066135919881262235,sh603706,东方环宇
118,2022-07-04,12.85,14.13,12.85,14.13,4668800.0,77626834.0,189382714.0,0.024652725168992983,sh603706,东方环宇
119,2022-07-05,14.54,15.21,14.03,14.18,10805100.0,187983059.0,189382714.0,0.057054309613495134,sh603706,东方环宇
120,2022-07-06,13.96,14.36,13.71,13.79,5912880.0,99698103.0,189382714.0,0.031221856921957513,sh603706,东方环宇
121,2022-07-07,13.85,14.17,13.8,13.89,3436500.0,57925950.0,189382714.0,0.01814579550275111,sh603706,东方环宇
122,2022-07-08,13.98,14.21,13.79,13.8,2824920.0,47665456.0,189382714.0,0.014916461699878269,sh603706,东方环宇
123,2022-07-11,13.79,14.12,13.71,14.03,3377800.0,57182550.0,189382714.0,0.017835841131730746,sh603706,东方环宇
124,2022-07-12,14.17,14.55,13.79,14.32,5320716.0,91562072.0,189382714.0,0.028095045675604797,sh603706,东方环宇
125,2022-07-13,14.37,14.5,14.02,14.31,3618200.0,62295873.0,189382714.0,0.019105228368413815,sh603706,东方环宇
126,2022-07-14,14.26,14.55,14.04,14.45,3707392.0,64223556.0,189382714.0,0.019576190042349905,sh603706,东方环宇
127,2022-07-15,14.6,14.62,14.07,14.07,3127800.0,53888052.0,189382714.0,0.016515762890587787,sh603706,东方环宇
128,2022-07-18,13.92,14.73,13.9,14.72,4255580.0,74610451.0,189382714.0,0.02247079424577261,sh603706,东方环宇
129,2022-07-19,14.72,14.79,14.45,14.71,3695701.0,65427634.0,189382714.0,0.019514457903481094,sh603706,东方环宇
130,2022-07-20,14.71,14.71,13.97,14.37,3471400.0,56934021.0,189382714.0,0.01833007842521467,sh603706,东方环宇
131,2022-07-21,14.23,14.47,14.16,14.16,2721500.0,44936944.0,189382714.0,0.01437037173308225,sh603706,东方环宇
132,2022-07-22,14.17,14.41,14.08,14.34,2207500.0,36333372.0,189382714.0,0.011656290869292327,sh603706,东方环宇
133,2022-07-25,14.4,14.4,13.91,14.05,2167000.0,35277784.0,189382714.0,0.011442438194227167,sh603706,东方环宇
134,2022-07-26,14.11,14.24,13.92,14.2,1684100.0,27490488.0,189382714.0,0.008892575063635428,sh603706,东方环宇
135,2022-07-27,14.27,15.31,14.21,14.77,6154600.0,105372208.0,189382714.0,0.03249821417175382,sh603706,东方环宇
136,2022-07-28,14.75,15.18,14.49,14.97,5133820.0,88112582.0,189382714.0,0.027108176303778177,sh603706,东方环宇
137,2022-07-29,14.9,15.09,14.66,14.72,3320800.0,57024748.0,189382714.0,0.017534863292750152,sh603706,东方环宇
138,2022-08-01,14.62,15.11,14.47,14.58,3211700.0,54666826.0,189382714.0,0.016958781148315363,sh603706,东方环宇
139,2022-08-02,14.4,14.62,13.71,13.75,3489000.0,56175051.0,189382714.0,0.018423011933391135,sh603706,东方环宇
140,2022-08-03,13.96,14.31,13.67,13.76,3001400.0,48851084.0,189382714.0,0.015848331331865907,sh603706,东方环宇
141,2022-08-04,13.85,14.42,13.85,14.37,2657900.0,43644490.0,189382714.0,0.014034543828535482,sh603706,东方环宇
142,2022-08-05,14.53,14.53,13.99,14.23,2720700.0,44527507.0,189382714.0,0.014366147482710591,sh603706,东方环宇
143,2022-08-08,14.26,14.86,14.12,14.8,3771600.0,63766847.0,189382714.0,0.019915228377179135,sh603706,东方环宇
144,2022-08-09,14.88,15.9,14.69,15.38,6442068.0,114665811.0,189382714.0,0.03401613517905335,sh603706,东方环宇
145,2022-08-10,15.32,15.33,14.96,15.18,3734300.0,65223402.0,189382714.0,0.019718272703600603,sh603706,东方环宇
146,2022-08-11,15.2,15.91,15.16,15.4,4627300.0,83113602.0,189382714.0,0.024433592180963252,sh603706,东方环宇
147,2022-08-12,15.36,15.85,15.31,15.74,4617041.0,83709650.0,189382714.0,0.02437942145025971,sh603706,东方环宇
148,2022-08-15,15.6,16.04,15.58,15.7,3566441.0,64857586.0,189382714.0,0.018831924649680542,sh603706,东方环宇
149,2022-08-16,15.72,15.74,15.18,15.33,3861300.0,68471235.0,189382714.0,0.020388872450101226,sh603706,东方环宇
150,2022-08-17,15.45,15.45,14.83,14.94,3674200.0,63752033.0,189382714.0,0.01940092589442984,sh603706,东方环宇
151,2022-08-18,14.95,15.01,14.44,14.49,3888000.0,65671148.0,189382714.0,0.020529856806255294,sh603706,东方环宇
152,2022-08-19,14.53,14.7,14.41,14.48,3188900.0,53601186.0,189382714.0,0.016838390012723126,sh603706,东方环宇
153,2022-08-22,14.52,14.89,14.45,14.68,3531468.0,59753145.0,189382714.0,0.018647256264370568,sh603706,东方环宇
154,2022-08-23,14.67,15.41,14.65,15.27,6202000.0,108330083.0,189382714.0,0.03274850100627452,sh603706,东方环宇
155,2022-08-24,15.13,15.21,14.3,14.53,4831124.0,82019188.0,189382714.0,0.025509846690654144,sh603706,东方环宇
156,2022-08-25,14.62,15.98,14.62,15.98,10781324.0,197939482.0,189382714.0,0.056928764892449475,sh603706,东方环宇
157,2022-08-26,16.56,17.19,15.71,16.04,17183424.0,326763328.0,189382714.0,0.09073385652293482,sh603706,东方环宇
158,2022-08-29,15.8,16.55,15.48,16.4,10455672.0,195107909.0,189382714.0,0.05520922041491073,sh603706,东方环宇
159,2022-08-30,15.94,16.04,15.42,15.54,7864221.0,142490731.0,189382714.0,0.04152554810255808,sh603706,东方环宇
160,2022-08-31,15.42,15.42,14.16,14.4,8582921.0,145098071.0,189382714.0,0.04532050903019586,sh603706,东方环宇
161,2022-09-01,14.34,14.67,14.23,14.26,4081700.0,68239873.0,189382714.0,0.02155265342749286,sh603706,东方环宇
162,2022-09-02,14.28,14.44,13.65,14.05,3642700.0,58813776.0,189382714.0,0.019234596036045826,sh603706,东方环宇
163,2022-09-05,14.06,15.45,14.06,15.45,5875000.0,101473270.0,189382714.0,0.031021838666859532,sh603706,东方环宇
164,2022-09-06,15.65,15.89,15.25,15.88,8635200.0,155749838.0,189382714.0,0.04559655851167071,sh603706,东方环宇
165,2022-09-07,15.76,15.92,15.58,15.77,4413600.0,80327901.0,189382714.0,0.02330518930043425,sh603706,东方环宇
166,2022-09-08,15.75,15.75,15.04,15.05,4024400.0,70946765.0,189382714.0,0.021250091494622893,sh603706,东方环宇
167,2022-09-09,15.46,16.43,14.7,15.07,6044121.0,106651621.0,189382714.0,0.031914850475740886,sh603706,东方环宇
168,2022-09-13,15.39,15.39,14.56,14.75,3929020.0,67492552.0,189382714.0,0.02074645524406203,sh603706,东方环宇
169,2022-09-14,14.48,15.88,14.45,15.13,6454820.0,112672483.0,189382714.0,0.03408346972997758,sh603706,东方环宇
170,2022-09-15,14.94,15.39,14.45,14.71,5301144.0,90572524.0,189382714.0,0.027991699390262196,sh603706,东方环宇
171,2022-09-16,14.53,14.53,13.51,13.62,5339300.0,86315462.0,189382714.0,0.0281931750117384,sh603706,东方环宇
172,2022-09-19,13.63,13.7,12.97,13.39,3178520.0,48941654.0,189382714.0,0.01678358036415087,sh603706,东方环宇
173,2022-09-20,13.53,13.72,13.42,13.48,2244500.0,35204638.0,189382714.0,0.011851662448981485,sh603706,东方环宇
174,2022-09-21,13.41,13.96,13.19,13.8,3438820.0,54485403.0,189382714.0,0.01815804582882892,sh603706,东方环宇
175,2022-09-22,13.71,13.97,13.63,13.79,2179800.0,34764311.0,189382714.0,0.011510026200173686,sh603706,东方环宇
176,2022-09-23,13.73,13.84,13.41,13.48,2266400.0,35538612.0,189382714.0,0.011967301302905606,sh603706,东方环宇
177,2022-09-26,13.28,13.31,12.94,12.94,2235000.0,33859468.0,189382714.0,0.011801499475818052,sh603706,东方环宇
178,2022-09-27,12.71,13.19,12.7,13.03,1851600.0,27681981.0,189382714.0,0.00977702748520121,sh603706,东方环宇
179,2022-09-28,13.23,13.55,12.76,13.03,3110921.0,47305852.0,189382714.0,0.01642663648805878,sh603706,东方环宇
180,2022-09-29,13.14,13.36,12.82,12.94,2128200.0,32191832.0,189382714.0,0.01123756205120178,sh603706,东方环宇
181,2022-09-30,12.94,13.1,12.77,13.01,1696700.0,25426803.0,189382714.0,0.008959107006989033,sh603706,东方环宇
182,2022-10-10,13.23,13.45,12.96,13.1,2521321.0,38572832.0,189382714.0,0.013313363964147224,sh603706,东方环宇
183,2022-10-11,13.11,13.12,12.35,13.09,2340321.0,34401080.0,189382714.0,0.012357627317559723,sh603706,东方环宇
184,2022-10-12,12.87,13.15,12.63,13.14,1915300.0,28562918.0,189382714.0,0.010113383421044436,sh603706,东方环宇
185,2022-10-13,13.02,13.36,12.77,13.31,2844965.0,43027182.0,189382714.0,0.015022305573253111,sh603706,东方环宇
186,2022-10-14,13.29,13.45,13.24,13.38,2576250.0,39802664.0,189382714.0,0.01360340627497819,sh603706,东方环宇
187,2022-10-17,13.39,13.48,13.08,13.44,2204800.0,33991119.0,189382714.0,0.011642034024287982,sh603706,东方环宇
188,2022-10-18,13.43,13.64,13.27,13.28,2319400.0,35944605.0,189382714.0,0.012247157890027914,sh603706,东方环宇
189,2022-10-19,13.24,13.24,13.0,13.0,1933197.0,29259643.0,189382714.0,0.010207885182171379,sh603706,东方环宇
190,2022-10-20,13.15,13.15,12.77,12.78,1806000.0,27034969.0,189382714.0,0.009536245214016734,sh603706,东方环宇
191,2022-10-21,12.85,12.95,12.72,12.79,1096400.0,16264220.0,189382714.0,0.00578933513435656,sh603706,东方环宇
192,2022-10-24,12.8,13.08,12.64,12.74,1561149.0,23252572.0,189382714.0,0.008243355304328357,sh603706,东方环宇
193,2022-10-25,12.78,12.84,12.11,12.32,1921403.0,27525121.0,189382714.0,0.010145609171067218,sh603706,东方环宇
194,2022-10-26,12.29,12.55,12.26,12.45,1415700.0,20377773.0,189382714.0,0.007475339063944347,sh603706,东方环宇
195,2022-10-27,12.45,12.61,12.21,12.24,1406200.0,20070396.0,189382714.0,0.007425176090780914,sh603706,东方环宇
196,2022-10-28,12.25,12.26,11.68,11.77,2028003.0,27787194.0,189382714.0,0.010708490533090576,sh603706,东方环宇
197,2022-10-31,11.78,11.96,11.69,11.85,967800.0,13252443.0,189382714.0,0.005110286887112622,sh603706,东方环宇
198,2022-11-01,11.92,12.09,11.85,12.07,1139400.0,15769259.0,189382714.0,0.0060163885918331494,sh603706,东方环宇
199,2022-11-02,12.08,12.22,12.01,12.19,1140500.0,16011653.0,189382714.0,0.006022196936094178,sh603706,东方环宇
200,2022-11-03,12.15,12.22,12.03,12.17,984820.0,13832688.0,189382714.0,0.0052001578137696345,sh603706,东方环宇
201,2022-11-04,12.17,12.43,12.08,12.4,1306120.0,18611483.0,189382714.0,0.006896722369286566,sh603706,东方环宇
202,2022-11-07,12.38,12.61,12.29,12.57,1315800.0,19038353.0,189382714.0,0.006947835798783621,sh603706,东方环宇
203,2022-11-08,12.56,12.62,12.42,12.51,1051100.0,15180248.0,189382714.0,0.005550136957061456,sh603706,东方环宇
204,2022-11-09,12.47,12.57,12.39,12.51,965700.0,13942535.0,189382714.0,0.005099198229887021,sh603706,东方环宇
205,2022-11-10,12.45,12.53,12.3,12.45,874200.0,12576034.0,189382714.0,0.004616049593628698,sh603706,东方环宇
206,2022-11-11,12.78,12.79,12.51,12.51,1355800.0,19750900.0,189382714.0,0.0071590483173664945,sh603706,东方环宇
207,2022-11-14,12.6,12.64,12.47,12.52,1000950.0,14515294.0,189382714.0,0.005285329261888179,sh603706,东方环宇
208,2022-11-15,12.52,12.77,12.47,12.77,1325465.0,19382023.0,189382714.0,0.0069988700235862076,sh603706,东方环宇
209,2022-11-16,12.77,13.03,12.7,12.88,1739800.0,25932765.0,189382714.0,0.009186688495762079,sh603706,东方环宇
210,2022-11-17,12.82,13.0,12.76,12.95,1291165.0,19200129.0,189382714.0,0.006817755288901393,sh603706,东方环宇
211,2022-11-18,12.99,13.09,12.82,12.82,952300.0,14250213.0,189382714.0,0.005028442036161759,sh603706,东方环宇
212,2022-11-21,12.81,12.92,12.6,12.9,938111.0,13872943.0,189382714.0,0.004953519675507449,sh603706,东方环宇
213,2022-11-22,12.89,13.23,12.84,12.92,1393500.0,21010654.0,189382714.0,0.007358116116130852,sh603706,东方环宇
214,2022-11-23,13.02,13.04,12.71,12.93,1099400.0,16386588.0,189382714.0,0.005805176073250275,sh603706,东方环宇
215,2022-11-24,12.85,13.1,12.83,13.03,931344.0,13995200.0,189382714.0,0.0049177877976761914,sh603706,东方环宇
216,2022-11-25,13.05,13.15,12.87,13.11,928300.0,14005876.0,189382714.0,0.0049017145250120344,sh603706,东方环宇
217,2022-11-28,12.89,13.23,12.84,13.22,1589600.0,24083484.0,189382714.0,0.00839358548848339,sh603706,东方环宇
218,2022-11-29,13.23,13.23,13.09,13.22,1349700.0,20544247.0,189382714.0,0.0071268384082826056,sh603706,东方环宇
219,2022-11-30,13.22,13.89,13.21,13.47,4276602.0,66868765.0,189382714.0,0.02258179698491384,sh603706,东方环宇
220,2022-12-01,13.46,13.47,13.21,13.39,2429400.0,37400703.0,189382714.0,0.012827992316130816,sh603706,东方环宇
221,2022-12-02,13.32,13.39,13.15,13.22,1509644.0,23110730.0,189382714.0,0.007971392785088084,sh603706,东方环宇
222,2022-12-05,13.26,13.31,13.15,13.3,1195800.0,18283679.0,189382714.0,0.006314198243035,sh603706,东方环宇
223,2022-12-06,13.29,13.29,12.89,12.89,2008400.0,30201324.0,189382714.0,0.010604980558046075,sh603706,东方环宇
224,2022-12-07,12.87,13.02,12.72,12.85,1507281.0,22353996.0,189382714.0,0.0079589154055528,sh603706,东方环宇
225,2022-12-08,13.01,13.21,12.81,12.83,1857316.0,27903828.0,189382714.0,0.009807209754106703,sh603706,东方环宇
226,2022-12-09,12.83,12.83,12.58,12.62,1625800.0,23827210.0,189382714.0,0.008584732817800889,sh603706,东方环宇
227,2022-12-12,12.62,12.75,12.58,12.62,907800.0,13266708.0,189382714.0,0.004793468109238312,sh603706,东方环宇
228,2022-12-13,12.62,12.69,12.53,12.57,827350.0,12040090.0,189382714.0,0.0043686669312385075,sh603706,东方环宇
229,2022-12-14,12.66,12.76,12.51,12.76,1098850.0,16097256.0,189382714.0,0.005802271901119761,sh603706,东方环宇
230,2022-12-15,12.76,12.81,12.48,12.51,1103072.0,16034468.0,189382714.0,0.005824565382456183,sh603706,东方环宇
231,2022-12-16,12.42,12.6,12.38,12.54,780300.0,11304082.0,189382714.0,0.004120228206255403,sh603706,东方环宇
232,2022-12-19,12.54,12.57,12.02,12.06,1267400.0,17885780.0,189382714.0,0.006692268651298344,sh603706,东方环宇
233,2022-12-20,12.1,12.17,11.96,12.09,625600.0,8748155.0,189382714.0,0.00330336379063614,sh603706,东方环宇
234,2022-12-21,12.15,12.18,11.96,12.01,536700.0,7488092.0,189382714.0,0.002833943968085704,sh603706,东方环宇
235,2022-12-22,11.96,12.13,11.72,11.79,836700.0,11482262.0,189382714.0,0.004418037857457254,sh603706,东方环宇
236,2022-12-23,11.83,11.91,11.63,11.83,665102.0,9059685.0,189382714.0,0.003511946713362657,sh603706,东方环宇
237,2022-12-26,11.86,11.92,11.81,11.91,615400.0,8443797.0,189382714.0,0.003249504598397507,sh603706,东方环宇
238,2022-12-27,11.91,12.08,11.91,11.97,564000.0,7811633.0,189382714.0,0.002978096512018515,sh603706,东方环宇
239,2022-12-28,11.97,11.98,11.82,11.87,410400.0,5641718.0,189382714.0,0.002167040440660281,sh603706,东方环宇
240,2022-12-29,11.87,11.87,11.72,11.75,435700.0,5937016.0,189382714.0,0.0023006323586639487,sh603706,东方环宇
241,2022-12-30,11.78,11.94,11.77,11.92,510100.0,6994162.0,189382714.0,0.0026934876432280932,sh603706,东方环宇
242,2023-01-03,11.92,12.12,11.92,12.08,576500.0,8029693.0,189382714.0,0.003044100424075663,sh603706,东方环宇
243,2023-01-04,12.13,12.19,12.02,12.11,558400.0,7817902.0,189382714.0,0.002948526759416913,sh603706,东方环宇
244,2023-01-05,12.19,12.31,12.07,12.23,737500.0,10391896.0,189382714.0,0.0038942308113717283,sh603706,东方环宇
245,2023-01-06,12.22,12.32,12.13,12.21,622500.0,8821091.0,189382714.0,0.0032869948204459674,sh603706,东方环宇
246,2023-01-09,12.23,12.27,12.16,12.25,456200.0,6443040.0,189382714.0,0.0024088787744376713,sh603706,东方环宇
247,2023-01-10,12.25,12.28,12.1,12.12,513900.0,7232986.0,189382714.0,0.0027135528324934662,sh603706,东方环宇
248,2023-01-11,12.16,12.25,12.06,12.1,685572.0,9650932.0,189382714.0,0.003620034719747442,sh603706,东方环宇
249,2023-01-12,12.09,12.16,11.87,11.97,621900.0,8644637.0,189382714.0,0.0032838266326672243,sh603706,东方环宇
250,2023-01-13,12.0,12.06,11.91,12.01,544700.0,7549303.0,189382714.0,0.0028761864718022784,sh603706,东方环宇
251,2023-01-16,12.14,12.19,11.93,12.19,780400.0,10949007.0,189382714.0,0.00412075623755186,sh603706,东方环宇
252,2023-01-17,12.19,12.26,12.1,12.25,605400.0,8540927.0,189382714.0,0.003196701468751789,sh603706,东方环宇
253,2023-01-18,12.29,12.32,12.19,12.28,536000.0,7592637.0,189382714.0,0.0028302477490105035,sh603706,东方环宇
254,2023-01-19,12.28,12.42,12.25,12.38,732500.0,10468162.0,189382714.0,0.003867829246548869,sh603706,东方环宇
255,2023-01-20,12.38,12.44,12.34,12.38,631900.0,9045578.0,189382714.0,0.0033366297623129426,sh603706,东方环宇
256,2023-01-30,12.45,12.51,12.37,12.48,866100.0,12494893.0,189382714.0,0.0045732790586156665,sh603706,东方环宇
257,2023-01-31,12.51,12.53,12.46,12.53,584500.0,8443691.0,189382714.0,0.0030863429277922377,sh603706,东方环宇
258,2023-02-01,12.54,12.73,12.53,12.7,986400.0,14405731.0,189382714.0,0.0052085007082536584,sh603706,东方环宇
259,2023-02-02,12.73,12.73,12.63,12.64,559747.0,8196937.0,189382714.0,0.002955639340980191,sh603706,东方环宇
260,2023-02-03,12.7,12.7,12.43,12.62,906047.0,13137089.0,189382714.0,0.004784211720611418,sh603706,东方环宇
261,2023-02-06,12.62,12.68,12.51,12.68,840300.0,12250979.0,189382714.0,0.0044370469841297135,sh603706,东方环宇
262,2023-02-07,12.68,12.78,12.6,12.77,766500.0,11255789.0,189382714.0,0.004047359887344312,sh603706,东方环宇
263,2023-02-08,12.77,12.79,12.63,12.65,811900.0,11926319.0,189382714.0,0.004287086095935873,sh603706,东方环宇
264,2023-02-09,12.64,12.9,12.56,12.85,1011000.0,14915121.0,189382714.0,0.005338396407182125,sh603706,东方环宇
265,2023-02-10,12.84,12.98,12.79,12.97,1382200.0,20595098.0,189382714.0,0.007298448579631191,sh603706,东方环宇
266,2023-02-13,12.97,13.02,12.92,13.01,1226800.0,18388430.0,189382714.0,0.006477887944936728,sh603706,东方环宇
267,2023-02-14,13.0,13.24,12.89,12.96,1533089.0,23089930.0,189382714.0,0.00809518972254247,sh603706,东方环宇
268,2023-02-15,13.07,13.08,12.89,12.92,1306947.0,19583865.0,189382714.0,0.006901089188108266,sh603706,东方环宇
269,2023-02-16,12.97,12.97,12.49,12.58,1718716.0,25368181.0,189382714.0,0.009075358377217046,sh603706,东方环宇
270,2023-02-17,12.58,12.78,12.58,12.67,1103416.0,16185746.0,189382714.0,0.005826381810115996,sh603706,东方环宇
271,2023-02-20,12.67,12.77,12.51,12.7,1222000.0,17823613.0,189382714.0,0.006452542442706783,sh603706,东方环宇
272,2023-02-21,12.7,12.8,12.64,12.71,1074016.0,15790268.0,189382714.0,0.005671140608957584,sh603706,东方环宇
273,2023-02-22,12.71,12.74,12.59,12.68,708600.0,10389837.0,189382714.0,0.0037416297666956026,sh603706,东方环宇
274,2023-02-23,12.77,12.77,12.63,12.68,760400.0,11178217.0,189382714.0,0.004015149978260423,sh603706,东方环宇
275,2023-02-24,12.69,12.83,12.64,12.78,1027700.0,15149522.0,189382714.0,0.005426577633690475,sh603706,东方环宇
276,2023-02-27,12.72,12.77,12.58,12.61,662100.0,9702745.0,189382714.0,0.003496095213843012,sh603706,东方环宇
277,2023-02-28,12.64,12.82,12.64,12.79,878100.0,12932898.0,189382714.0,0.004636642814190528,sh603706,东方环宇
278,2023-03-01,12.79,12.91,12.76,12.89,1072200.0,15917531.0,189382714.0,0.0056615515606139215,sh603706,东方环宇
279,2023-03-02,12.88,12.96,12.82,12.84,936700.0,13958432.0,189382714.0,0.0049460691539144385,sh603706,东方环宇
280,2023-03-03,12.89,12.92,12.77,12.89,728100.0,10815620.0,189382714.0,0.003844595869504753,sh603706,东方环宇
281,2023-03-06,12.9,13.02,12.85,12.99,1301600.0,19457516.0,189382714.0,0.006872855354686701,sh603706,东方环宇
282,2023-03-07,12.96,13.04,12.77,12.85,1510100.0,22552597.0,189382714.0,0.007973800607799928,sh603706,东方环宇
283,2023-03-08,12.78,12.95,12.76,12.91,1120000.0,16644665.0,189382714.0,0.005913950520320455,sh603706,东方环宇
284,2023-03-09,12.96,12.96,12.89,12.95,1007465.0,15060541.0,189382714.0,0.005319730500852364,sh603706,东方环宇
285,2023-03-10,12.93,12.94,12.7,12.83,940100.0,13920827.0,189382714.0,0.0049640222179939825,sh603706,东方环宇
286,2023-03-13,12.83,12.92,12.64,12.84,1114416.0,16474484.0,189382714.0,0.005884465252726286,sh603706,东方环宇
287,2023-03-14,12.81,12.83,12.5,12.66,966900.0,14137994.0,189382714.0,0.005105534605444507,sh603706,东方环宇
288,2023-03-15,12.67,12.9,12.64,12.89,1167500.0,17271668.0,189382714.0,0.0061647653861376175,sh603706,东方环宇
289,2023-03-16,12.89,12.89,12.61,12.64,1086500.0,15949704.0,189382714.0,0.005737060036007299,sh603706,东方环宇
290,2023-03-17,12.64,12.8,12.64,12.72,1064600.0,15671981.0,189382714.0,0.0056214211820831755,sh603706,东方环宇
291,2023-03-20,12.72,12.77,12.56,12.66,1039800.0,15225148.0,189382714.0,0.005490469420561794,sh603706,东方环宇
292,2023-03-21,12.7,12.89,12.65,12.87,1290800.0,19104102.0,189382714.0,0.006815827974669325,sh603706,东方环宇
293,2023-03-22,12.96,12.96,12.83,12.89,1014600.0,15118582.0,189382714.0,0.005357405533854584,sh603706,东方环宇
294,2023-03-23,12.93,12.94,12.82,12.91,863500.0,12880309.0,189382714.0,0.00455955024490778,sh603706,东方环宇
295,2023-03-24,12.96,12.96,12.79,12.81,808800.0,12025675.0,189382714.0,0.004270717125745701,sh603706,东方环宇
296,2023-03-27,12.81,12.81,12.55,12.67,1649300.0,24119729.0,189382714.0,0.008708820172468329,sh603706,东方环宇
297,2023-03-28,12.65,12.81,12.58,12.6,674800.0,9892955.0,189382714.0,0.0035631551884930746,sh603706,东方环宇
298,2023-03-29,12.55,12.71,12.25,12.25,1183100.0,16935525.0,189382714.0,0.006247138268384939,sh603706,东方环宇
299,2023-03-30,12.25,12.29,12.06,12.13,1071300.0,15056835.0,189382714.0,0.005656799278945807,sh603706,东方环宇
300,2023-03-31,12.03,12.19,12.03,12.13,631900.0,8862083.0,189382714.0,0.0033366297623129426,sh603706,东方环宇
301,2023-04-03,12.12,12.25,12.07,12.19,929800.0,13091751.0,189382714.0,0.004909634994458892,sh603706,东方环宇
302,2023-04-04,12.15,12.22,12.05,12.08,724100.0,10131523.0,189382714.0,0.003823474617646466,sh603706,东方环宇
303,2023-04-06,12.09,12.16,11.93,12.11,744000.0,10372002.0,189382714.0,0.003928552845641445,sh603706,东方环宇
304,2023-04-07,12.11,12.19,12.03,12.16,525800.0,7372394.0,189382714.0,0.002776388556771871,sh603706,东方环宇
305,2023-04-10,12.19,12.34,12.15,12.26,1105400.0,15676182.0,189382714.0,0.005836857951037707,sh603706,东方环宇
306,2023-04-11,12.34,12.34,12.18,12.22,777500.0,10999216.0,189382714.0,0.004105443329954602,sh603706,东方环宇
307,2023-04-12,12.26,12.41,12.21,12.39,614900.0,8786661.0,189382714.0,0.0032468644419152213,sh603706,东方环宇
308,2023-04-13,12.36,12.45,12.36,12.45,876384.0,12584212.0,189382714.0,0.004627581797143323,sh603706,东方环宇
309,2023-04-14,12.45,12.57,12.44,12.57,769900.0,11127369.0,189382714.0,0.004065312951423856,sh603706,东方环宇
310,2023-04-17,12.57,12.64,12.47,12.55,669100.0,9706644.0,189382714.0,0.003533057404595015,sh603706,东方环宇
311,2023-04-18,12.63,12.63,12.38,12.42,834000.0,12015909.0,189382714.0,0.004403781012452911,sh603706,东方环宇
312,2023-04-19,12.45,12.5,12.38,12.45,613900.0,8837364.0,189382714.0,0.0032415841289506497,sh603706,东方环宇
313,2023-04-20,12.41,12.5,12.14,12.24,990600.0,13994487.0,189382714.0,0.00523067802270486,sh603706,东方环宇
314,2023-04-21,12.27,12.38,12.13,12.16,797600.0,11287634.0,189382714.0,0.004211577620542496,sh603706,东方环宇
315,2023-04-24,12.13,12.19,12.0,12.09,893500.0,12461944.0,189382714.0,0.004717959633844935,sh603706,东方环宇
316,2023-04-25,12.07,12.16,11.68,11.86,828500.0,11384341.0,189382714.0,0.0043747392911477655,sh603706,东方环宇
317,2023-04-26,11.89,12.41,11.89,12.34,1277200.0,18114833.0,189382714.0,0.006744015718351148,sh603706,东方环宇
318,2023-04-27,12.3,12.6,12.3,12.54,1424500.0,20631126.0,189382714.0,0.0075218058180325795,sh603706,东方环宇
319,2023-04-28,12.63,12.63,12.45,12.58,809300.0,11747293.0,189382714.0,0.004273357282227986,sh603706,东方环宇
320,2023-05-04,12.57,12.83,12.51,12.82,1170000.0,17221154.0,189382714.0,0.006177966168549047,sh603706,东方环宇
321,2023-05-05,12.82,12.9,12.7,12.89,1113700.0,16522272.0,189382714.0,0.005880684548643653,sh603706,东方环宇
322,2023-05-08,12.89,13.06,12.82,12.85,1387300.0,20746818.0,189382714.0,0.007325378175750507,sh603706,东方环宇
323,2023-05-09,12.89,13.01,12.76,12.77,1241600.0,18511739.0,189382714.0,0.006556036576812391,sh603706,东方环宇
324,2023-05-10,12.8,12.89,12.77,12.82,638989.0,9478236.0,189382714.0,0.0033740619009187925,sh603706,东方环宇
325,2023-05-11,12.89,13.12,12.88,13.02,1084000.0,16298806.0,189382714.0,0.0057238592535958695,sh603706,东方环宇
326,2023-05-12,13.1,13.1,12.98,13.0,842300.0,12683185.0,189382714.0,0.004447607610058857,sh603706,东方环宇
327,2023-05-15,13.02,13.08,12.85,13.05,864500.0,13019470.0,189382714.0,0.004564830557872351,sh603706,东方环宇
328,2023-05-16,13.07,13.25,13.03,13.16,1437600.0,21914681.0,189382714.0,0.00759097791786847,sh603706,东方环宇
329,2023-05-17,13.17,13.37,13.02,13.36,1426500.0,21857761.0,189382714.0,0.007532366443961723,sh603706,东方环宇
330,2023-05-18,13.46,13.47,13.21,13.3,1108889.0,17054997.0,189382714.0,0.005855280962971098,sh603706,东方环宇
331,2023-05-19,13.34,13.38,13.21,13.3,1040847.0,16020806.0,189382714.0,0.005495997908235701,sh603706,东方环宇
332,2023-05-22,13.31,13.55,13.25,13.5,1345147.0,20926672.0,189382714.0,0.0071027971433549105,sh603706,东方环宇
333,2023-05-23,13.52,13.52,13.24,13.24,933100.0,14408134.0,189382714.0,0.004927060027241979,sh603706,东方环宇
334,2023-05-24,13.23,13.35,13.17,13.19,1071300.0,16427807.0,189382714.0,0.005656799278945807,sh603706,东方环宇
335,2023-05-25,13.23,13.62,13.21,13.6,2313600.0,35880230.0,189382714.0,0.012216532074833399,sh603706,东方环宇
336,2023-05-26,13.55,13.57,13.15,13.43,1700600.0,26194079.0,189382714.0,0.008979700227550864,sh603706,东方环宇
337,2023-05-29,13.41,13.6,13.29,13.52,1321284.0,20546851.0,189382714.0,0.006976793035081333,sh603706,东方环宇
338,2023-05-30,13.49,13.71,13.33,13.53,1648300.0,25734817.0,189382714.0,0.008703539859503756,sh603706,东方环宇
339,2023-05-31,13.76,13.76,13.26,13.32,1786900.0,26361235.0,189382714.0,0.009435391236393413,sh603706,东方环宇
340,2023-06-01,13.29,13.29,13.03,13.13,1896400.0,27514790.0,189382714.0,0.010013585506014028,sh603706,东方环宇
341,2023-06-02,13.29,13.4,13.09,13.09,1132900.0,16560827.0,189382714.0,0.005982066557563432,sh603706,东方环宇
342,2023-06-05,13.09,13.41,13.08,13.34,1420200.0,20817797.0,189382714.0,0.00749910047228492,sh603706,东方环宇
343,2023-06-06,13.31,13.33,13.0,13.01,1029700.0,14955407.0,189382714.0,0.0054371382596196186,sh603706,东方环宇
344,2023-06-07,12.92,13.21,12.86,13.09,924000.0,13347898.0,189382714.0,0.004879009179264376,sh603706,东方环宇
345,2023-06-08,13.03,13.52,12.98,13.03,1077900.0,15677218.0,189382714.0,0.0056916493445119815,sh603706,东方环宇
346,2023-06-09,13.03,13.14,12.87,13.08,946900.0,13616482.0,189382714.0,0.0049999283461530705,sh603706,东方环宇
347,2023-06-12,13.11,13.27,12.99,13.21,984300.0,14308073.0,189382714.0,0.005197412051028057,sh603706,东方环宇
348,2023-06-13,13.22,13.36,13.13,13.26,900900.0,13194002.0,189382714.0,0.004757033949782766,sh603706,东方环宇
349,2023-06-14,13.22,13.27,13.06,13.12,824100.0,11961511.0,189382714.0,0.004351505914103649,sh603706,东方环宇
350,2023-06-15,13.14,13.18,12.92,12.95,826700.0,11851768.0,189382714.0,0.004365234727811536,sh603706,东方环宇
351,2023-06-16,12.97,13.17,12.97,13.01,928900.0,13405901.0,189382714.0,0.004904882712790778,sh603706,东方环宇
352,2023-06-19,13.01,13.07,12.89,12.99,850300.0,12195486.0,189382714.0,0.004489850113775432,sh603706,东方环宇
353,2023-06-20,12.91,13.11,12.78,12.79,806600.0,11441319.0,189382714.0,0.004259100437223642,sh603706,东方环宇
354,2023-06-21,12.85,12.99,12.78,12.78,793980.0,11292639.0,189382714.0,0.004192462887610745,sh603706,东方环宇
355,2023-06-26,12.74,13.05,12.73,12.93,1503900.0,21462220.0,189382714.0,0.007941062667419584,sh603706,东方环宇
356,2023-06-27,12.96,13.28,12.77,13.28,1597000.0,23131538.0,189382714.0,0.008432659804421221,sh603706,东方环宇
357,2023-06-28,13.26,13.89,13.18,13.68,3656600.0,55155610.0,189382714.0,0.019307992386253373,sh603706,东方环宇
358,2023-06-29,13.68,13.68,13.43,13.58,2090400.0,31235760.0,189382714.0,0.011037966221140965,sh603706,东方环宇
359,2023-06-30,13.55,13.64,13.45,13.63,1273900.0,19108984.0,189382714.0,0.006726590685568061,sh603706,东方环宇
360,2023-07-03,13.58,13.75,13.49,13.67,1596199.0,24048068.0,189382714.0,0.008428430273736598,sh603706,东方环宇
361,2023-07-04,13.74,13.8,13.6,13.68,1078600.0,16311470.0,189382714.0,0.005695345563587181,sh603706,东方环宇
362,2023-07-05,13.78,13.78,13.58,13.64,960000.0,14490500.0,189382714.0,0.005069100445988962,sh603706,东方环宇
363,2023-07-06,13.74,13.74,13.58,13.63,739000.0,11143807.0,189382714.0,0.0039021512808185862,sh603706,东方环宇
364,2023-07-07,13.63,13.9,13.61,13.84,1921580.0,29277116.0,189382714.0,0.010146543786461947,sh603706,东方环宇
365,2023-07-10,13.85,14.07,13.81,13.86,1184600.0,18200737.0,189382714.0,0.006255058737831796,sh603706,东方环宇
366,2023-07-11,13.85,14.27,13.82,14.14,1823780.0,28312212.0,189382714.0,0.009630129178526821,sh603706,东方环宇
367,2023-07-12,14.09,14.22,14.01,14.03,1154700.0,17996376.0,189382714.0,0.006097177380191098,sh603706,东方环宇
368,2023-07-13,14.12,14.54,14.06,14.21,1400800.0,22036611.0,189382714.0,0.007396662400772227,sh603706,东方环宇
369,2023-07-14,14.18,14.3,14.03,14.15,1487300.0,23211104.0,189382714.0,0.00785340947220769,sh603706,东方环宇
370,2023-07-17,13.99,14.21,13.85,14.13,1397700.0,21761268.0,189382714.0,0.007380293430582054,sh603706,东方环宇
371,2023-07-18,14.09,14.38,14.08,14.27,988800.0,15558921.0,189382714.0,0.005221173459368631,sh603706,东方环宇
372,2023-07-19,14.27,14.35,14.09,14.19,681400.0,10681481.0,189382714.0,0.0035980052540592485,sh603706,东方环宇
373,2023-07-20,14.22,14.22,13.85,13.98,1478300.0,22913177.0,189382714.0,0.007805886655526544,sh603706,东方环宇
374,2023-07-21,13.95,14.08,13.91,13.99,836600.0,12916304.0,189382714.0,0.004417509826160797,sh603706,东方环宇
375,2023-07-24,14.06,14.08,13.87,14.0,824000.0,12735873.0,189382714.0,0.004350977882807193,sh603706,东方环宇
376,2023-07-25,14.01,14.14,13.94,14.11,805200.0,12496513.0,189382714.0,0.004251707999073242,sh603706,东方环宇
377,2023-07-26,14.17,14.3,14.06,14.2,833100.0,13039731.0,189382714.0,0.004399028730784796,sh603706,东方环宇
378,2023-07-27,14.16,14.28,14.01,14.03,808300.0,12640807.0,189382714.0,0.004268076969263414,sh603706,东方环宇
379,2023-07-28,14.12,14.12,13.94,14.0,1531100.0,23709630.0,189382714.0,0.008084687180055937,sh603706,东方环宇
380,2023-07-31,14.03,14.08,13.82,13.92,1217000.0,18708555.0,189382714.0,0.006426140877883924,sh603706,东方环宇
381,2023-08-01,13.99,14.02,13.87,14.0,873900.0,13468623.0,189382714.0,0.004614465499739327,sh603706,东方环宇
382,2023-08-02,13.99,14.08,13.9,13.99,734200.0,11351217.0,189382714.0,0.0038768057785886416,sh603706,东方环宇
383,2023-08-03,14.07,14.07,13.85,13.85,592800.0,9113980.0,189382714.0,0.003130169525398184,sh603706,东方环宇
384,2023-08-04,13.93,13.99,13.71,13.71,1036200.0,15766946.0,189382714.0,0.005471460293889336,sh603706,东方环宇
385,2023-08-07,13.69,13.93,13.68,13.79,1441500.0,22004119.0,189382714.0,0.0076115711384303,sh603706,东方环宇
386,2023-08-08,13.78,14.14,13.76,14.01,1262500.0,19464850.0,189382714.0,0.006666395117771942,sh603706,东方环宇
387,2023-08-09,14.12,14.12,13.74,13.76,812800.0,12457113.0,189382714.0,0.004291838377603988,sh603706,东方环宇
388,2023-08-10,13.8,14.42,13.8,14.37,3077500.0,48374494.0,189382714.0,0.01625016314846982,sh603706,东方环宇
389,2023-08-11,14.28,14.29,13.53,13.53,2866700.0,43781336.0,189382714.0,0.01513707317553808,sh603706,东方环宇
390,2023-08-14,13.4,13.55,13.19,13.54,2143800.0,31687937.0,189382714.0,0.0113199349334491,sh603706,东方环宇
391,2023-08-15,13.54,13.76,13.4,13.6,1184898.0,17758886.0,189382714.0,0.006256632271095238,sh603706,东方环宇
392,2023-08-16,13.59,13.73,13.45,13.45,841400.0,12625546.0,189382714.0,0.0044428553283907424,sh603706,东方环宇
393,2023-08-17,13.42,13.73,13.26,13.72,1118100.0,16636655.0,189382714.0,0.005903917925687769,sh603706,东方环宇
394,2023-08-18,13.71,14.16,13.66,13.97,1923000.0,29705132.0,189382714.0,0.01015404183087164,sh603706,东方环宇
395,2023-08-21,13.92,14.3,13.85,14.2,2003500.0,31400691.0,189382714.0,0.010579107024519672,sh603706,东方环宇
396,2023-08-22,14.23,14.26,13.58,13.82,2390100.0,36639663.0,189382714.0,0.012620476016623144,sh603706,东方环宇
397,2023-08-23,13.82,14.07,13.71,13.92,1424801.0,21927438.0,189382714.0,0.007523395192234915,sh603706,东方环宇
398,2023-08-24,13.82,13.92,13.5,13.72,1407900.0,21279684.0,189382714.0,0.007434152622820687,sh603706,东方环宇
399,2023-08-25,13.75,14.35,13.63,14.04,3414480.0,53168796.0,189382714.0,0.01802952301127124,sh603706,东方环宇
400,2023-08-28,14.48,14.62,13.86,13.87,3745500.0,58834662.0,189382714.0,0.01977741220880381,sh603706,东方环宇
401,2023-08-29,13.97,14.37,13.91,14.34,2848101.0,44768075.0,189382714.0,0.01503886463471001,sh603706,东方环宇
402,2023-08-30,14.44,14.44,14.01,14.07,2545200.0,39696007.0,189382714.0,0.013439452557428235,sh603706,东方环宇
403,2023-08-31,14.07,14.2,13.57,13.72,2991200.0,45345142.0,189382714.0,0.015794472139627272,sh603706,东方环宇
404,2023-09-01,13.61,14.0,13.56,13.89,2885701.0,43937999.0,189382714.0,0.01523740440217791,sh603706,东方环宇
405,2023-09-04,13.9,14.17,13.8,14.15,2693300.0,41771862.0,189382714.0,0.014221466907481323,sh603706,东方环宇
406,2023-09-05,14.14,14.24,13.92,14.2,2330800.0,36226216.0,189382714.0,0.012307353457824034,sh603706,东方环宇
407,2023-09-06,14.2,14.26,14.04,14.09,1773700.0,27635098.0,189382714.0,0.009365691105261064,sh603706,东方环宇
408,2023-09-07,14.11,14.15,13.86,13.89,1586000.0,24494588.0,189382714.0,0.00837457636181093,sh603706,东方环宇
409,2023-09-08,13.87,13.94,13.74,13.75,1147900.0,17519909.0,189382714.0,0.00606127125203201,sh603706,东方环宇
410,2023-09-11,13.79,13.92,13.72,13.86,937900.0,14349260.0,189382714.0,0.004952405529471925,sh603706,东方环宇
411,2023-09-12,13.86,13.9,13.69,13.74,1195800.0,18208001.0,189382714.0,0.006314198243035,sh603706,东方环宇
412,2023-09-13,13.72,13.91,13.57,13.68,1314689.0,19923684.0,189382714.0,0.006941969371079981,sh603706,东方环宇
413,2023-09-14,13.62,13.99,13.62,13.89,1421700.0,21733655.0,189382714.0,0.007507020941731778,sh603706,东方环宇
414,2023-09-15,13.89,13.89,13.68,13.7,1078900.0,16407943.0,189382714.0,0.005696929657476553,sh603706,东方环宇
415,2023-09-18,13.67,14.07,13.53,14.01,1804000.0,27633539.0,189382714.0,0.00952568458808759,sh603706,东方环宇
416,2023-09-19,13.95,14.23,13.91,14.14,2670800.0,41690447.0,189382714.0,0.014102659865778458,sh603706,东方环宇
417,2023-09-20,14.06,14.35,14.06,14.19,2224000.0,34988869.0,189382714.0,0.01174341603320776,sh603706,东方环宇
418,2023-09-21,14.17,14.3,13.86,13.86,1695900.0,26371477.0,189382714.0,0.008954882756617375,sh603706,东方环宇
419,2023-09-22,14.02,14.08,13.72,13.82,1848500.0,28162650.0,189382714.0,0.009760658515011037,sh603706,东方环宇
420,2023-09-25,13.82,14.6,13.82,14.36,4457000.0,70328819.0,189382714.0,0.02353435488309667,sh603706,东方环宇
421,2023-09-26,14.29,14.51,14.15,14.39,3221500.0,51114776.0,189382714.0,0.017010528215368168,sh603706,东方环宇
422,2023-09-27,14.4,14.46,14.17,14.37,1869400.0,29541411.0,189382714.0,0.009871017055970589,sh603706,东方环宇
423,2023-09-28,14.39,14.56,14.32,14.52,2343600.0,37433896.0,189382714.0,0.012374941463770554,sh603706,东方环宇
424,2023-10-09,14.52,14.74,14.32,14.41,3453501.0,55141593.0,189382714.0,0.018235566103461796,sh603706,东方环宇
425,2023-10-10,14.37,14.59,14.23,14.28,2069400.0,32882356.0,189382714.0,0.010927079648884955,sh603706,东方环宇
426,2023-10-11,14.3,14.34,13.9,14.03,1938900.0,30025098.0,189382714.0,0.010237998807008332,sh603706,东方环宇
427,2023-10-12,14.03,14.05,13.93,14.0,1169900.0,18066223.0,189382714.0,0.00617743813725259,sh603706,东方环宇
428,2023-10-13,13.95,14.0,13.75,13.82,1565500.0,23942973.0,189382714.0,0.008266329946037208,sh603706,东方环宇
429,2023-10-16,13.89,14.39,13.82,14.26,3444900.0,54063137.0,189382714.0,0.018190150131653517,sh603706,东方环宇
430,2023-10-17,14.26,14.35,14.1,14.24,1958000.0,30745716.0,189382714.0,0.010338852784631654,sh603706,东方环宇
431,2023-10-18,14.23,14.24,13.65,13.65,2416600.0,36869408.0,189382714.0,0.012760404310184296,sh603706,东方环宇
432,2023-10-19,13.59,13.83,13.29,13.56,1918200.0,28673717.0,189382714.0,0.010128696328641695,sh603706,东方环宇
433,2023-10-20,13.56,13.7,13.45,13.46,924900.0,13847118.0,189382714.0,0.0048837614609324904,sh603706,东方环宇
434,2023-10-23,13.44,13.46,13.04,13.12,1357404.0,19807664.0,189382714.0,0.007167517939361667,sh603706,东方环宇
435,2023-10-24,13.14,14.38,13.14,14.27,4220882.0,65123487.0,189382714.0,0.022287577946527897,sh603706,东方环宇
436,2023-10-25,14.06,14.51,14.03,14.2,3693121.0,58469298.0,189382714.0,0.0195008346960325,sh603706,东方环宇
437,2023-10-26,14.14,14.42,13.98,14.13,2378100.0,37127364.0,189382714.0,0.01255711226104828,sh603706,东方环宇
438,2023-10-27,14.12,14.38,14.0,14.3,2279600.0,35832365.0,189382714.0,0.012037001434037955,sh603706,东方环宇
439,2023-10-30,14.29,14.55,14.17,14.33,2002997.0,31817637.0,189382714.0,0.010576451027098492,sh603706,东方环宇
440,2023-10-31,14.38,14.39,14.09,14.17,1455103.0,22839875.0,189382714.0,0.007683399235687371,sh603706,东方环宇
441,2023-11-01,14.6,15.59,14.21,15.59,7319798.0,120634393.0,189382714.0,0.03865082427744699,sh603706,东方环宇
442,2023-11-02,15.89,16.12,15.24,15.35,11642845.0,200537408.0,189382714.0,0.06147786539800037,sh603706,东方环宇
443,2023-11-03,15.31,15.35,15.0,15.18,6790850.0,113622282.0,189382714.0,0.03585781329546265,sh603706,东方环宇
444,2023-11-06,15.18,15.25,14.94,15.25,6371050.0,106374410.0,189382714.0,0.03364113791293539,sh603706,东方环宇
445,2023-11-07,15.09,15.38,14.87,15.3,6487941.0,108841995.0,189382714.0,0.03425835897567716,sh603706,东方环宇
446,2023-11-08,15.21,16.83,15.03,16.25,12178000.0,213716689.0,189382714.0,0.06430365128255582,sh603706,东方环宇
447,2023-11-09,16.09,16.18,15.34,15.44,7584120.0,130809869.0,189382714.0,0.040046527160868546,sh603706,东方环宇
448,2023-11-10,15.25,16.98,15.25,16.98,13224436.0,241853000.0,189382714.0,0.0698291608599505,sh603706,东方环宇
449,2023-11-13,16.98,18.69,16.98,17.7,23357566.0,464718152.0,189382714.0,0.1233352585706423,sh603706,东方环宇
450,2023-11-14,17.11,17.23,16.61,17.08,14596554.0,272803095.0,189382714.0,0.07707437332427287,sh603706,东方环宇
451,2023-11-15,16.73,17.72,16.73,17.25,14044726.0,268939119.0,189382714.0,0.07416054878165913,sh603706,东方环宇
452,2023-11-16,16.78,17.17,16.4,16.86,8579077.0,159931298.0,189382714.0,0.04530021150716004,sh603706,东方环宇
453,2023-11-17,16.82,16.95,16.07,16.41,10619976.0,191933841.0,189382714.0,0.05607679695624174,sh603706,东方环宇
454,2023-11-20,16.21,16.39,16.08,16.31,5770649.0,103676004.0,189382714.0,0.030470832728693498,sh603706,东方环宇
455,2023-11-21,16.23,16.52,15.93,16.02,7159350.0,128417681.0,189382714.0,0.03780360862290737,sh603706,东方环宇
456,2023-11-22,15.85,16.19,15.83,15.85,4884800.0,86040399.0,189382714.0,0.0257932727693405,sh603706,东方环宇
457,2023-11-23,15.9,16.05,15.73,16.03,4302150.0,75731318.0,189382714.0,0.02271669842053272,sh603706,东方环宇
458,2023-11-24,16.03,16.75,15.93,16.51,8925077.0,161995817.0,189382714.0,0.0471271997929019,sh603706,东方环宇
459,2023-11-27,16.59,16.6,15.49,15.6,6855700.0,120259608.0,189382714.0,0.03620024159121513,sh603706,东方环宇
460,2023-11-28,15.59,15.89,15.55,15.7,4092203.0,71020431.0,189382714.0,0.021608112554559758,sh603706,东方环宇
461,2023-11-29,15.78,15.8,15.49,15.6,2978900.0,51365199.0,189382714.0,0.01572952429016304,sh603706,东方环宇
462,2023-11-30,15.53,15.79,15.42,15.71,3022300.0,52110061.0,189382714.0,0.015958689872825456,sh603706,东方环宇
463,2023-12-01,15.6,16.04,15.54,15.73,3281700.0,57093653.0,189382714.0,0.01732840305583539,sh603706,东方环宇
464,2023-12-04,15.71,15.88,15.59,15.87,2557600.0,44517819.0,189382714.0,0.013504928438188925,sh603706,东方环宇
465,2023-12-05,15.82,15.84,15.51,15.51,2291000.0,39548582.0,189382714.0,0.012097197001834075,sh603706,东方环宇
466,2023-12-06,15.41,15.6,15.35,15.39,2104600.0,35938312.0,189382714.0,0.011112946665237884,sh603706,东方环宇
467,2023-12-07,15.3,15.38,15.17,15.28,2091500.0,35236469.0,189382714.0,0.011043774565401994,sh603706,东方环宇
468,2023-12-08,15.45,15.8,15.25,15.25,3244400.0,55638049.0,189382714.0,0.017131447382256863,sh603706,东方环宇
469,2023-12-11,15.16,15.66,15.16,15.64,3083700.0,52800140.0,189382714.0,0.01628290108885017,sh603706,东方环宇
470,2023-12-12,15.67,15.7,15.33,15.51,2173602.0,37120318.0,189382714.0,0.01147729882041927,sh603706,东方环宇
471,2023-12-13,15.5,15.84,15.48,15.61,2964402.0,51379214.0,189382714.0,0.01565297031280268,sh603706,东方环宇
472,2023-12-14,15.68,15.9,15.47,15.79,3352515.0,58156490.0,189382714.0,0.017702328418421547,sh603706,东方环宇
473,2023-12-15,15.75,15.93,15.53,15.62,2573915.0,44620895.0,189382714.0,0.013591076744205914,sh603706,东方环宇
474,2023-12-18,15.52,15.61,15.19,15.26,1899800.0,32164080.0,189382714.0,0.010031538570093573,sh603706,东方环宇
475,2023-12-19,15.25,15.38,14.92,15.06,1908800.0,31706785.0,189382714.0,0.010079061386774718,sh603706,东方环宇
476,2023-12-20,15.02,15.34,15.0,15.03,1407700.0,23598760.0,189382714.0,0.007433096560227772,sh603706,东方环宇
477,2023-12-21,15.02,15.22,14.67,15.13,1537800.0,25400058.0,189382714.0,0.008120065276918569,sh603706,东方环宇
478,2023-12-22,15.08,15.25,14.87,14.91,1469500.0,24424529.0,189382714.0,0.007759419901438312,sh603706,东方环宇
479,2023-12-25,14.81,14.87,14.59,14.78,996200.0,16207465.0,189382714.0,0.005260247775306462,sh603706,东方环宇
480,2023-12-26,14.8,14.87,14.62,14.76,990200.0,16112100.0,189382714.0,0.0052285658975190314,sh603706,东方环宇
481,2023-12-27,14.76,14.94,14.6,14.85,1030800.0,16816439.0,189382714.0,0.0054429466038806475,sh603706,东方环宇
482,2023-12-28,14.76,14.98,14.68,14.9,1251300.0,20551411.0,189382714.0,0.006607255612568737,sh603706,东方环宇
483,2023-12-29,14.94,15.03,14.84,14.97,1491600.0,24565901.0,189382714.0,0.00787611481795535,sh603706,东方环宇
484,2024-01-02,14.96,15.41,14.9,15.25,2367300.0,39848586.0,189382714.0,0.012500084881030906,sh603706,东方环宇
485,2024-01-03,15.22,15.39,15.16,15.34,1318400.0,22237124.0,189382714.0,0.006961564612491507,sh603706,东方环宇
486,2024-01-04,15.48,15.48,15.24,15.35,1581500.0,26814529.0,189382714.0,0.008350814953470358,sh603706,东方环宇
487,2024-01-05,15.43,15.43,14.97,15.06,1359400.0,22801780.0,189382714.0,0.007178057444038953,sh603706,东方环宇
488,2024-01-08,15.1,15.11,14.65,14.65,1172700.0,19186812.0,189382714.0,0.006192223013553391,sh603706,东方环宇
489,2024-01-09,14.71,15.08,14.65,14.87,1209100.0,19857587.0,189382714.0,0.006384426405463806,sh603706,东方环宇
490,2024-01-10,15.01,15.01,14.57,14.77,1077400.0,17593934.0,189382714.0,0.005689009188029695,sh603706,东方环宇
491,2024-01-11,14.77,14.97,14.71,14.97,1044600.0,17171507.0,189382714.0,0.005515814922791739,sh603706,东方环宇
492,2024-01-12,14.95,15.13,14.94,15.02,954600.0,15870595.0,189382714.0,0.005040586755980274,sh603706,东方环宇
493,2024-01-15,15.01,15.16,14.8,15.02,793200.0,13141200.0,189382714.0,0.0041883442434983795,sh603706,东方环宇
494,2024-01-16,14.94,15.03,14.49,14.68,1346400.0,21862594.0,189382714.0,0.007109413375499519,sh603706,东方环宇
495,2024-01-17,14.65,14.75,14.35,14.35,919300.0,14752870.0,189382714.0,0.004854191708330888,sh603706,东方环宇
496,2024-01-18,14.27,14.32,13.8,14.12,1539700.0,23879617.0,189382714.0,0.008130097871551254,sh603706,东方环宇
497,2024-01-19,14.12,14.2,13.86,13.9,1090400.0,16825332.0,189382714.0,0.005757653256569129,sh603706,东方环宇
498,2024-01-22,14.01,14.02,12.71,12.88,1959900.0,28798526.0,189382714.0,0.010348885379264339,sh603706,东方环宇
499,2024-01-23,12.95,13.05,12.63,12.9,1719200.0,24311772.0,189382714.0,0.009077914048691899,sh603706,东方环宇
500,2024-01-24,12.91,13.15,12.49,13.05,1390000.0,19757010.0,189382714.0,0.007339635020754851,sh603706,东方环宇
501,2024-01-25,13.31,13.67,13.06,13.65,1752900.0,25993088.0,189382714.0,0.00925586059559797,sh603706,东方环宇
502,2024-01-26,13.76,14.11,13.61,13.95,1959700.0,30132952.0,189382714.0,0.010347829316671426,sh603706,东方环宇
503,2024-01-29,13.91,13.92,13.44,13.46,1380200.0,20762722.0,189382714.0,0.007287887953702047,sh603706,东方环宇
504,2024-01-30,13.34,13.53,13.06,13.08,1157800.0,16992752.0,189382714.0,0.006113546350381271,sh603706,东方环宇
505,2024-01-31,13.06,13.21,12.4,12.46,1519100.0,21344604.0,189382714.0,0.008021323424481076,sh603706,东方环宇
506,2024-02-01,12.48,12.48,11.89,12.17,1613000.0,21685026.0,189382714.0,0.008517144811854371,sh603706,东方环宇
507,2024-02-02,12.2,12.36,11.05,11.48,2414700.0,31069292.0,189382714.0,0.012750371715551611,sh603706,东方环宇
508,2024-02-05,11.24,11.37,10.33,10.36,3331200.0,38697083.0,189382714.0,0.0175897785475817,sh603706,东方环宇
509,2024-02-06,10.28,10.78,9.52,10.38,2997000.0,33249503.0,189382714.0,0.01582509795482179,sh603706,东方环宇
510,2024-02-07,10.44,10.46,9.71,10.0,3568425.0,39472447.0,189382714.0,0.018842400790602253,sh603706,东方环宇
511,2024-02-08,10.05,11.01,9.97,11.0,3679042.0,42518164.0,189382714.0,0.019426493169804295,sh603706,东方环宇
512,2024-02-19,11.03,11.45,11.0,11.27,3205297.0,39729634.0,189382714.0,0.016924971304403208,sh603706,东方环宇
513,2024-02-20,11.19,11.34,11.01,11.29,1492389.0,18510329.0,189382714.0,0.007880280984884396,sh603706,东方环宇
514,2024-02-21,11.14,11.72,11.14,11.41,2305500.0,29294458.0,189382714.0,0.012173761539820365,sh603706,东方环宇
515,2024-02-22,11.41,11.66,11.34,11.66,2072300.0,26411316.0,189382714.0,0.010942392556482215,sh603706,东方环宇
516,2024-02-23,11.67,12.09,11.67,12.07,2078400.0,27272404.0,189382714.0,0.010974602465566103,sh603706,东方环宇
517,2024-02-26,12.19,12.47,11.92,12.21,2015300.0,27122459.0,189382714.0,0.010641414717501619,sh603706,东方环宇
518,2024-02-27,12.1,12.4,12.07,12.39,1920400.0,26068745.0,189382714.0,0.010140313017163753,sh603706,东方环宇
519,2024-02-28,12.42,12.63,11.33,11.34,4416700.0,58303827.0,189382714.0,0.023321558270624425,sh603706,东方环宇
520,2024-02-29,11.21,11.8,11.15,11.79,2335200.0,29904717.0,189382714.0,0.01233058683486815,sh603706,东方环宇
521,2024-03-01,11.8,12.02,11.8,12.0,1772900.0,23342827.0,189382714.0,0.009361466854889406,sh603706,东方环宇
522,2024-03-04,12.08,12.08,11.67,11.86,1908200.0,24923844.0,189382714.0,0.010075893198995977,sh603706,东方环宇
523,2024-03-05,11.84,11.84,11.5,11.55,1449500.0,18606651.0,189382714.0,0.007653813642146875,sh603706,东方环宇
524,2024-03-06,11.54,11.94,11.49,11.85,1682900.0,21871185.0,189382714.0,0.008886238688077941,sh603706,东方环宇
525,2024-03-07,11.88,12.0,11.69,11.77,1474900.0,19317056.0,189382714.0,0.007787933591446999,sh603706,东方环宇
526,2024-03-08,11.77,11.84,11.61,11.79,928400.0,12049666.0,189382714.0,0.004902242556308492,sh603706,东方环宇
527,2024-03-11,12.04,12.96,11.81,12.96,4140010.0,57263769.0,189382714.0,0.021860548476457044,sh603706,东方环宇
528,2024-03-12,13.22,13.39,12.54,12.67,6773510.0,95738522.0,189382714.0,0.03576625266865697,sh603706,东方环宇
529,2024-03-13,12.58,12.6,12.43,12.55,2654800.0,36726626.0,189382714.0,0.014018174858345308,sh603706,东方环宇
530,2024-03-14,12.5,12.61,12.27,12.48,2351500.0,32415693.0,189382714.0,0.01241665593619067,sh603706,东方环宇
531,2024-03-15,12.49,12.64,12.41,12.62,2136200.0,29621312.0,189382714.0,0.011279804554918355,sh603706,东方环宇
532,2024-03-18,12.61,12.83,12.53,12.82,2736900.0,38349133.0,189382714.0,0.014451688552736656,sh603706,东方环宇
533,2024-03-19,12.81,12.86,12.66,12.71,1813982.0,25567591.0,189382714.0,0.009578392672099947,sh603706,东方环宇
534,2024-03-20,12.67,12.82,12.64,12.79,1597615.0,22497632.0,189382714.0,0.008435907196894432,sh603706,东方环宇
535,2024-03-21,12.77,12.88,12.67,12.81,1524500.0,21513585.0,189382714.0,0.008049837114489762,sh603706,东方环宇
536,2024-03-22,12.73,12.83,12.48,12.54,1879795.0,26186523.0,189382714.0,0.009925905909237313,sh603706,东方环宇
537,2024-03-25,12.48,12.74,12.32,12.33,2181300.0,30246696.0,189382714.0,0.011517946669620544,sh603706,东方环宇
538,2024-03-26,12.29,12.48,12.14,12.4,1523400.0,20726626.0,189382714.0,0.008044028770228733,sh603706,东方环宇
539,2024-03-27,12.4,12.58,12.04,12.09,1418400.0,19379444.0,189382714.0,0.007489595908948691,sh603706,东方环宇
540,2024-03-28,12.14,12.44,12.0,12.28,1266200.0,17170820.0,189382714.0,0.0066859322757408576,sh603706,东方环宇
541,2024-03-29,12.45,12.59,12.32,12.58,1452349.0,20043336.0,189382714.0,0.00766885725378294,sh603706,东方环宇
542,2024-04-01,12.6,12.69,12.54,12.69,1661500.0,23182101.0,189382714.0,0.008773239990636105,sh603706,东方环宇
543,2024-04-02,12.77,13.13,12.75,12.91,2494016.0,35503530.0,189382714.0,0.01316918501864959,sh603706,东方环宇
544,2024-04-03,12.77,13.13,12.7,12.91,2663216.0,37839197.0,189382714.0,0.014062613972255144,sh603706,东方环宇
545,2024-04-08,12.85,13.08,12.78,12.87,2527018.0,36068710.0,189382714.0,0.01334344590710639,sh603706,东方环宇
546,2024-04-09,12.9,12.95,12.7,12.95,1796915.0,25522680.0,189382714.0,0.0094882735707336,sh603706,东方环宇
547,2024-04-10,13.02,13.91,12.86,13.44,6794115.0,99918207.0,189382714.0,0.03587505351729198,sh603706,东方环宇
548,2024-04-11,13.19,13.22,12.78,13.05,4480700.0,64518384.0,189382714.0,0.02365949830035702,sh603706,东方环宇
549,2024-04-12,12.91,13.08,12.72,12.77,3113900.0,44301038.0,189382714.0,0.016442366540380237,sh603706,东方环宇
550,2024-04-15,12.7,12.85,11.87,12.37,2923200.0,39949994.0,189382714.0,0.015435410858036389,sh603706,东方环宇
551,2024-04-16,12.27,12.27,11.45,11.47,2789900.0,36244799.0,189382714.0,0.014731545139858963,sh603706,东方环宇
552,2024-04-17,11.68,12.21,11.59,12.21,2483500.0,33127165.0,189382714.0,0.013113657247514152,sh603706,东方环宇
553,2024-04-18,12.3,12.3,11.98,12.02,1967500.0,26227539.0,189382714.0,0.010389015757795085,sh603706,东方环宇
554,2024-04-19,11.87,12.52,11.87,12.29,2260200.0,30787494.0,189382714.0,0.011934563362525262,sh603706,东方环宇
555,2024-04-22,12.19,12.29,12.05,12.09,1359800.0,18227921.0,189382714.0,0.007180169569224781,sh603706,东方环宇
556,2024-04-23,12.21,12.38,12.1,12.37,1609800.0,21857652.0,189382714.0,0.00850024781036774,sh603706,东方环宇
557,2024-04-24,13.61,13.61,13.2,13.61,7364825.0,110142018.0,189382714.0,0.038888580929302766,sh603706,东方环宇
558,2024-04-25,13.66,14.97,13.52,14.97,10385220.0,163167290.0,189382714.0,0.054837211805930715,sh603706,东方环宇
559,2024-04-26,14.97,15.84,14.39,14.44,14693535.0,243466109.0,189382714.0,0.07758646335589002,sh603706,东方环宇
560,2024-04-29,14.17,14.66,14.16,14.35,8453302.0,133774263.0,189382714.0,0.044636080144041024,sh603706,东方环宇
561,2024-04-30,14.39,14.93,14.39,14.67,8747202.0,142016643.0,189382714.0,0.046187964124328684,sh603706,东方环宇
562,2024-05-06,14.65,14.92,14.32,14.81,6971997.0,112921550.0,189382714.0,0.036814326148055944,sh603706,东方环宇
563,2024-05-07,14.74,14.78,14.49,14.71,4277100.0,69137411.0,189382714.0,0.022584426580770197,sh603706,东方环宇
564,2024-05-08,14.68,14.75,14.44,14.55,2909400.0,46763741.0,189382714.0,0.015362542539125298,sh603706,东方环宇
565,2024-05-09,14.64,14.86,14.51,14.8,4955200.0,80643814.0,189382714.0,0.026165006802046357,sh603706,东方环宇
566,2024-05-10,14.83,15.36,14.68,15.35,7599900.0,127113263.0,189382714.0,0.04012985049944949,sh603706,东方环宇
567,2024-05-13,15.25,16.42,15.23,16.21,9833900.0,174496495.0,189382714.0,0.05192606966230297,sh603706,东方环宇
568,2024-05-14,15.7,15.88,15.35,15.4,7018500.0,120440436.0,189382714.0,0.03705987654184743,sh603706,东方环宇
569,2024-05-15,15.19,15.25,14.68,14.73,5683200.0,93420337.0,189382714.0,0.030009074640254655,sh603706,东方环宇
570,2024-05-16,14.39,14.71,14.38,14.5,3393900.0,54458694.0,189382714.0,0.01792085417046035,sh603706,东方环宇
571,2024-05-17,14.49,14.66,14.38,14.54,2839900.0,45451456.0,189382714.0,0.014995560788087555,sh603706,东方环宇
572,2024-05-20,14.61,14.93,14.58,14.87,3247800.0,53007244.0,189382714.0,0.017149400446336407,sh603706,东方环宇
573,2024-05-21,14.85,15.23,14.76,15.16,4027095.0,66964941.0,189382714.0,0.021264321938062415,sh603706,东方环宇
574,2024-05-22,15.21,15.75,15.16,15.18,4796700.0,81695647.0,189382714.0,0.025328077197161722,sh603706,东方环宇
575,2024-05-23,15.06,15.57,15.06,15.34,3733200.0,63316663.0,189382714.0,0.019712464359339574,sh603706,东方环宇
576,2024-05-24,15.29,15.81,14.94,15.0,4374000.0,73882500.0,189382714.0,0.023096088907037206,sh603706,东方环宇
577,2024-05-27,14.86,15.25,14.82,15.14,2664800.0,44345777.0,189382714.0,0.014070977987991026,sh603706,东方环宇
578,2024-05-28,15.1,15.53,15.03,15.25,2670100.0,45090353.0,189382714.0,0.014098963646703258,sh603706,东方环宇
579,2024-05-29,15.18,15.66,14.95,15.66,3754481.0,64177119.0,189382714.0,0.019824834699538628,sh603706,东方环宇
580,2024-05-30,15.53,15.65,14.97,15.06,3152200.0,53010988.0,189382714.0,0.01664460252692334,sh603706,东方环宇
581,2024-05-31,15.16,15.58,15.12,15.35,2714700.0,46139618.0,189382714.0,0.014334465604923161,sh603706,东方环宇
582,2024-06-03,15.39,15.44,14.83,15.03,2198400.0,36660713.0,189382714.0,0.011608240021314723,sh603706,东方环宇
583,2024-06-04,15.12,15.12,14.71,15.02,1893381.0,31084219.0,189382714.0,0.009997644241173985,sh603706,东方环宇
584,2024-06-05,14.97,14.97,14.63,14.64,2014300.0,32836136.0,189382714.0,0.010636134404537048,sh603706,东方环宇
585,2024-06-06,14.42,14.69,14.17,14.39,3476500.0,55243160.0,189382714.0,0.018357008021333984,sh603706,东方环宇
586,2024-06-07,14.39,14.63,14.11,14.56,2543000.0,37951312.0,189382714.0,0.013427835868906177,sh603706,东方环宇
587,2024-06-11,14.39,14.57,14.24,14.54,1608600.0,24127949.0,189382714.0,0.008493911434810254,sh603706,东方环宇
588,2024-06-12,14.39,14.78,14.38,14.76,1574900.0,24050977.0,189382714.0,0.008315964887904183,sh603706,东方环宇
589,2024-06-13,14.76,14.98,14.57,14.62,1414300.0,21730258.0,189382714.0,0.007467946625793947,sh603706,东方环宇
590,2024-06-14,14.61,14.77,14.32,14.55,1217100.0,18475054.0,189382714.0,0.00642666890918038,sh603706,东方环宇
591,2024-06-17,14.55,14.55,14.19,14.22,1555700.0,23214351.0,189382714.0,0.008214582878984404,sh603706,东方环宇
592,2024-06-18,14.18,14.43,14.14,14.26,1180800.0,17560649.0,189382714.0,0.006234993548566423,sh603706,东方环宇
593,2024-06-19,14.33,14.44,14.18,14.2,742100.0,11059300.0,189382714.0,0.003918520251008759,sh603706,东方环宇
594,2024-06-20,14.18,14.22,13.87,13.88,1518600.0,22138177.0,189382714.0,0.008018683267998788,sh603706,东方环宇
595,2024-06-21,13.75,14.08,13.74,13.97,1318460.0,19158782.0,189382714.0,0.006961881431269382,sh603706,东方环宇
596,2024-06-24,13.83,14.0,13.43,13.58,1513595.0,21479377.0,189382714.0,0.007992255301611106,sh603706,东方环宇
597,2024-06-25,13.34,13.9,13.34,13.73,1312005.0,18706811.0,189382714.0,0.0069277970110830705,sh603706,东方环宇
598,2024-06-26,13.7,14.25,13.59,14.24,1402500.0,20432238.0,189382714.0,0.007405638932811999,sh603706,东方环宇
599,2024-06-27,14.24,14.26,13.82,13.83,1232795.0,17996565.0,189382714.0,0.006509543421159335,sh603706,东方环宇
600,2024-06-28,13.72,14.3,13.72,14.06,1097400.0,16132160.0,189382714.0,0.005794615447321132,sh603706,东方环宇
601,2024-07-01,14.11,14.41,14.08,14.38,1336900.0,19893350.0,189382714.0,0.007059250402336087,sh603706,东方环宇
602,2024-07-02,14.39,14.7,14.33,14.62,1757300.0,26630377.0,189382714.0,0.009279093972642085,sh603706,东方环宇
603,2024-07-03,14.49,14.71,14.3,14.35,1427700.0,21519515.0,189382714.0,0.007538702819519209,sh603706,东方环宇
604,2024-07-04,14.3,14.46,13.99,14.06,1308900.0,19356526.0,189382714.0,0.006911401639328075,sh603706,东方环宇
605,2024-07-05,13.99,14.23,13.88,14.23,1141300.0,16697911.0,189382714.0,0.0060264211864658355,sh603706,东方环宇
606,2024-07-08,14.16,14.39,13.97,14.07,1265800.0,18621679.0,189382714.0,0.006683820150555029,sh603706,东方环宇
607,2024-07-09,14.06,14.19,13.69,14.18,1346677.0,19625545.0,189382714.0,0.007110876022190705,sh603706,东方环宇
608,2024-07-10,14.09,14.15,13.79,13.87,1105277.0,16079274.0,189382714.0,0.005836208472543064,sh603706,东方环宇
609,2024-07-11,14.09,14.61,13.96,14.57,2477400.0,37193852.0,189382714.0,0.013081447338430264,sh603706,东方环宇
610,2024-07-12,14.54,14.67,14.42,14.65,2275300.0,34509191.0,189382714.0,0.012014296088290296,sh603706,东方环宇
611,2024-07-15,14.65,14.67,14.39,14.54,1504800.0,22783831.0,189382714.0,0.007945814949087698,sh603706,东方环宇
612,2024-07-16,14.47,14.78,14.44,14.74,1707865.0,26060991.0,189382714.0,0.009018061701238478,sh603706,东方环宇
613,2024-07-17,14.73,14.74,14.39,14.6,1745000.0,26505059.0,189382714.0,0.009214146123177853,sh603706,东方环宇
614,2024-07-18,14.55,14.66,14.39,14.66,1481300.0,22445402.0,189382714.0,0.00782172759442026,sh603706,东方环宇
615,2024-07-19,14.63,14.65,14.39,14.44,1611740.0,24359302.0,189382714.0,0.00851049161751901,sh603706,东方环宇
616,2024-07-22,14.54,15.02,14.33,14.99,3030340.0,46401568.0,189382714.0,0.016001143589060615,sh603706,东方环宇
617,2024-07-23,14.97,15.15,14.78,14.8,2618700.0,40853951.0,189382714.0,0.013827555560324264,sh603706,东方环宇
618,2024-07-24,14.8,15.18,14.65,15.05,2428565.0,37861076.0,189382714.0,0.012823583254805399,sh603706,东方环宇
619,2024-07-25,14.97,15.38,14.92,15.33,3093569.0,49000397.0,189382714.0,0.01633501249749753,sh603706,东方环宇
620,2024-07-26,15.24,15.41,15.14,15.33,1935100.0,30768552.0,189382714.0,0.010217933617742958,sh603706,东方环宇
621,2024-07-29,15.34,15.43,15.09,15.21,1908900.0,30371502.0,189382714.0,0.010079589418071177,sh603706,东方环宇
622,2024-07-30,15.16,15.24,14.89,15.22,1658700.0,26127635.0,189382714.0,0.008758455114335303,sh603706,东方环宇
623,2024-07-31,15.26,15.34,15.04,15.17,2051000.0,32357628.0,189382714.0,0.010829921890336835,sh603706,东方环宇
624,2024-08-01,15.16,15.49,15.03,15.4,2397100.0,38283105.0,189382714.0,0.012657438207375147,sh603706,东方环宇
625,2024-08-02,15.34,15.38,14.94,14.95,1963100.0,30923182.0,189382714.0,0.01036578238075097,sh603706,东方环宇
626,2024-08-05,14.81,14.93,14.42,14.46,1681800.0,25765376.0,189382714.0,0.008880430343816912,sh603706,东方环宇
627,2024-08-06,14.39,14.63,14.06,14.21,1968569.0,29188468.0,189382714.0,0.010394660412354213,sh603706,东方环宇
628,2024-08-07,14.19,14.36,14.14,14.29,1234500.0,18371507.0,189382714.0,0.006518546354763931,sh603706,东方环宇
629,2024-08-08,14.21,14.71,14.16,14.59,1640000.0,24744931.0,189382714.0,0.00865971326189781,sh603706,东方环宇
630,2024-08-09,14.55,14.63,14.3,14.3,975200.0,14663494.0,189382714.0,0.005149361203050454,sh603706,东方环宇
631,2024-08-12,14.33,14.54,14.27,14.52,925900.0,13938226.0,189382714.0,0.004889041773897062,sh603706,东方环宇
632,2024-08-13,14.55,14.77,14.43,14.7,1008300.0,15377938.0,189382714.0,0.005324139562177781,sh603706,东方环宇
633,2024-08-14,14.67,14.72,14.55,14.59,555000.0,8461711.0,189382714.0,0.0029305736953373685,sh603706,东方环宇
634,2024-08-15,14.45,14.63,14.4,14.56,826700.0,12522704.0,189382714.0,0.004365234727811536,sh603706,东方环宇
635,2024-08-16,14.47,14.6,14.4,14.41,621300.0,9380550.0,189382714.0,0.003280658444888481,sh603706,东方环宇
636,2024-08-19,14.32,14.45,14.14,14.19,800900.0,11916732.0,189382714.0,0.004229002653325583,sh603706,东方环宇
637,2024-08-20,14.17,14.26,13.89,13.98,1072600.0,15692911.0,189382714.0,0.0056636636857997505,sh603706,东方环宇
638,2024-08-21,13.94,14.11,13.85,14.09,656000.0,9563920.0,189382714.0,0.003463885304759124,sh603706,东方环宇
639,2024-08-22,14.06,14.18,13.87,13.88,569400.0,8306117.0,189382714.0,0.003006610202027203,sh603706,东方环宇
640,2024-08-23,13.91,13.92,13.53,13.65,890900.0,12691449.0,189382714.0,0.004704230820137048,sh603706,东方环宇
641,2024-08-26,13.34,14.51,13.34,13.81,2535400.0,36462222.0,189382714.0,0.013387705490375431,sh603706,东方环宇
642,2024-08-27,13.67,14.06,13.47,13.52,2742778.0,39122306.0,189382714.0,0.014482726232342409,sh603706,东方环宇
643,2024-08-28,13.58,14.04,13.49,13.63,2822700.0,40488979.0,189382714.0,0.01490473940509692,sh603706,东方环宇
644,2024-08-29,13.55,13.65,13.35,13.56,2116278.0,29770661.0,189382714.0,0.011174610160038154,sh603706,东方环宇
645,2024-08-30,13.44,13.94,13.44,13.68,2096259.0,29925980.0,189382714.0,0.011068903574800391,sh603706,东方环宇
646,2024-09-02,13.64,13.78,13.23,13.26,3141400.0,44196456.0,189382714.0,0.016587575146905963,sh603706,东方环宇
647,2024-09-03,13.16,13.31,13.0,13.13,2292900.0,31416779.0,189382714.0,0.01210722959646676,sh603706,东方环宇
648,2024-09-04,13.0,13.18,12.9,13.06,1016800.0,13817496.0,189382714.0,0.005369022222376642,sh603706,东方环宇
649,2024-09-05,13.07,13.3,13.07,13.25,1160900.0,15989900.0,189382714.0,0.006129915320571443,sh603706,东方环宇
650,2024-09-06,13.25,13.34,13.0,13.01,1020800.0,14023797.0,189382714.0,0.005390143474234929,sh603706,东方环宇
651,2024-09-09,12.96,13.08,12.78,13.04,791800.0,10715525.0,189382714.0,0.004180951805347979,sh603706,东方环宇
652,2024-09-10,13.0,13.38,12.88,13.29,1208100.0,16547042.0,189382714.0,0.0063791460924992344,sh603706,东方环宇
653,2024-09-11,13.25,13.38,13.05,13.21,925200.0,12727753.0,189382714.0,0.004885345554821862,sh603706,东方环宇
654,2024-09-12,13.23,13.26,13.03,13.05,586500.0,8018547.0,189382714.0,0.0030969035537213815,sh603706,东方环宇
655,2024-09-13,13.05,13.19,12.99,13.13,872500.0,11911583.0,189382714.0,0.004607073061588926,sh603706,东方环宇
656,2024-09-18,13.11,13.23,12.74,13.15,1358800.0,18309207.0,189382714.0,0.0071748892562602095,sh603706,东方环宇
657,2024-09-19,13.14,13.39,13.02,13.32,1754600.0,24277440.0,189382714.0,0.009264837127637742,sh603706,东方环宇
658,2024-09-20,13.26,13.43,13.12,13.29,1528500.0,21147337.0,189382714.0,0.00807095836634805,sh603706,东方环宇
659,2024-09-23,13.28,13.28,12.77,12.94,2648600.0,35963522.0,189382714.0,0.013985436917964963,sh603706,东方环宇
660,2024-09-24,12.99,13.51,12.95,13.48,2763078.0,38197928.0,189382714.0,0.014589916585523218,sh603706,东方环宇
661,2024-09-25,13.61,13.84,13.57,13.62,2186800.0,31219414.0,189382714.0,0.011546988390925689,sh603706,东方环宇
662,2024-09-26,13.57,13.83,13.53,13.8,1831200.0,26073664.0,189382714.0,0.009669309100723944,sh603706,东方环宇
663,2024-09-27,13.85,14.25,13.85,14.25,1471900.0,21633127.0,189382714.0,0.007772092652553284,sh603706,东方环宇
664,2024-09-30,14.59,15.56,14.26,15.45,5008100.0,78110324.0,189382714.0,0.026444335357872207,sh603706,东方环宇
665,2024-10-08,16.97,17.0,15.26,16.3,6701631.0,113086153.0,189382714.0,0.03538670905307651,sh603706,东方环宇
666,2024-10-09,15.87,16.02,14.82,14.87,4536900.0,72838333.0,189382714.0,0.023956251888965958,sh603706,东方环宇
667,2024-10-10,14.91,15.69,14.91,15.45,3302600.0,52873343.0,189382714.0,0.017438761596794944,sh603706,东方环宇
668,2024-10-11,15.42,15.82,15.08,15.26,3127200.0,50326969.0,189382714.0,0.016512594702809042,sh603706,东方环宇
669,2024-10-14,15.28,15.7,15.03,15.56,2807000.0,45305207.0,189382714.0,0.01482183849155314,sh603706,东方环宇
670,2024-10-15,15.5,15.64,15.27,15.27,1804500.0,29083922.0,189382714.0,0.009528324744569877,sh603706,东方环宇
671,2024-10-16,15.17,15.64,15.14,15.6,2306600.0,37154197.0,189382714.0,0.012179569884081394,sh603706,东方环宇
672,2024-10-17,15.6,15.69,15.45,15.48,1851700.0,29999030.0,189382714.0,0.009777555516497668,sh603706,东方环宇
673,2024-10-18,15.5,15.8,15.17,15.63,2865500.0,46347831.0,189382714.0,0.015130736799980594,sh603706,东方环宇
674,2024-10-21,15.62,15.74,15.5,15.62,2768500.0,45049893.0,189382714.0,0.014618546442417125,sh603706,东方环宇
675,2024-10-22,15.62,16.09,15.62,15.99,3315000.0,54936917.0,189382714.0,0.017504237477555633,sh603706,东方环宇
676,2024-10-23,15.99,16.11,15.82,15.99,2306117.0,38288032.0,189382714.0,0.012177019492919506,sh603706,东方环宇
677,2024-10-24,15.87,16.3,15.74,16.25,3098097.0,51795671.0,189382714.0,0.01635892175460111,sh603706,东方环宇
678,2024-10-25,16.12,16.29,16.06,16.18,2115600.0,35621130.0,189382714.0,0.011171030107848175,sh603706,东方环宇
679,2024-10-28,16.13,16.3,15.89,16.29,2538036.0,42707557.0,189382714.0,0.013401624395350042,sh603706,东方环宇
680,2024-10-29,16.28,16.29,15.58,15.64,3916000.0,64572766.0,189382714.0,0.020677705569263308,sh603706,东方环宇
681,2024-10-30,15.78,15.78,15.39,15.68,2571233.0,41810833.0,189382714.0,0.013576914944834933,sh603706,东方环宇
682,2024-10-31,15.77,15.83,15.53,15.67,2159900.0,35212167.0,189382714.0,0.011404947972178708,sh603706,东方环宇
683,2024-11-01,15.55,15.62,15.1,15.12,2479600.0,39505432.0,189382714.0,0.013093064026952322,sh603706,东方环宇
684,2024-11-04,15.15,15.5,15.15,15.42,1516606.0,24308375.0,189382714.0,0.008008154323947433,sh603706,东方环宇
685,2024-11-05,15.44,15.58,15.3,15.51,2101514.0,33845417.0,189382714.0,0.011096651619429215,sh603706,东方环宇
686,2024-11-06,15.59,15.71,15.38,15.56,1978700.0,32125515.0,189382714.0,0.01044815526299829,sh603706,东方环宇
687,2024-11-07,15.45,16.1,15.42,15.96,3015900.0,49945422.0,189382714.0,0.0159248958698522,sh603706,东方环宇
688,2024-11-08,15.96,16.03,15.68,15.82,2833600.0,46757830.0,189382714.0,0.014962294816410752,sh603706,东方环宇
689,2024-11-11,15.69,16.36,15.69,16.3,4019000.0,67304615.0,189382714.0,0.021221577804614207,sh603706,东方环宇
690,2024-11-12,16.43,16.77,16.13,16.48,5010100.0,85853552.0,189382714.0,0.026454895983801352,sh603706,东方环宇
691,2024-11-13,16.31,17.63,16.18,16.6,4552900.0,78709021.0,189382714.0,0.024040736896399108,sh603706,东方环宇
692,2024-11-14,16.53,16.61,16.0,16.05,3276000.0,55638069.0,189382714.0,0.017298305271937334,sh603706,东方环宇
693,2024-11-15,15.86,16.28,15.86,15.89,2208100.0,36944823.0,189382714.0,0.011659459057071069,sh603706,东方环宇
694,2024-11-18,15.97,16.79,15.76,16.32,4321995.0,73319335.0,189382714.0,0.02282148623131465,sh603706,东方环宇
695,2024-11-19,16.19,17.96,15.91,17.96,8377305.0,150856100.0,189382714.0,0.04423479219967246,sh603706,东方环宇
696,2024-11-20,18.89,19.75,18.62,19.75,16462382.0,331841493.0,189382714.0,0.08692652910233402,sh603706,东方环宇
697,2024-11-21,20.63,21.73,19.47,19.97,22811051.0,487346441.0,189382714.0,0.12044948833080933,sh603706,东方环宇
698,2024-11-22,19.67,20.38,18.23,18.5,16753187.0,340612698.0,189382714.0,0.08846207051399634,sh603706,东方环宇
699,2024-11-25,17.96,20.34,17.73,20.34,16522805.0,326795195.0,189382714.0,0.08724558145259234,sh603706,东方环宇
700,2024-11-26,20.07,20.07,18.33,18.44,11877400.0,234707325.0,189382714.0,0.06271638920540551,sh603706,东方环宇
701,2024-11-27,19.16,20.29,19.15,20.29,5232382.0,109464751.0,189382714.0,0.027628614510192308,sh603706,东方环宇
702,2024-11-28,22.31,22.31,20.89,21.27,23227237.0,528881819.0,189382714.0,0.12264708066228262,sh603706,东方环宇
703,2024-11-29,20.95,20.95,19.14,19.69,16407607.0,338179005.0,189382714.0,0.0866372999596996,sh603706,东方环宇
704,2024-12-02,19.48,19.94,19.0,19.57,11562440.0,235487651.0,189382714.0,0.06105330183408397,sh603706,东方环宇
705,2024-12-03,19.4,20.09,19.0,19.8,10978378.0,223778197.0,189382714.0,0.05796927168337022,sh603706,东方环宇
706,2024-12-04,19.62,19.73,19.0,19.22,7283900.0,146546371.0,189382714.0,0.03846127160264479,sh603706,东方环宇
707,2024-12-05,19.15,19.22,18.74,19.17,4871333.0,96423848.0,189382714.0,0.025722162794646612,sh603706,东方环宇
708,2024-12-06,19.13,19.33,18.83,19.21,3913650.0,77922483.0,189382714.0,0.020665296833796563,sh603706,东方环宇
709,2024-12-09,19.2,19.77,19.1,19.36,4171300.0,84201586.0,189382714.0,0.022025769469118495,sh603706,东方环宇
710,2024-12-10,19.72,19.77,19.16,19.25,5318700.0,107860523.0,189382714.0,0.02808440056466822,sh603706,东方环宇
711,2024-12-11,19.09,19.21,18.76,18.95,5040300.0,99267142.0,189382714.0,0.02661436143533142,sh603706,东方环宇
712,2024-12-12,18.78,18.96,18.65,18.7,5033800.0,98457270.0,189382714.0,0.026580039401061704,sh603706,东方环宇
713,2024-12-13,18.62,19.17,18.47,18.67,7215500.0,141216266.0,189382714.0,0.03810009819586808,sh603706,东方环宇
714,2024-12-16,18.67,19.34,18.67,19.0,5407000.0,107399915.0,189382714.0,0.028550652199439912,sh603706,东方环宇
715,2024-12-17,18.91,19.18,17.86,17.94,3957200.0,75636741.0,189382714.0,0.020895254463403665,sh603706,东方环宇
716,2024-12-18,17.8,18.02,17.57,17.84,2391000.0,44367735.0,189382714.0,0.012625228298291259,sh603706,东方环宇
717,2024-12-19,17.6,17.91,17.38,17.67,2001300.0,36720440.0,189382714.0,0.010567490335997614,sh603706,东方环宇
718,2024-12-20,17.67,17.9,17.67,17.78,1817300.0,33666435.0,189382714.0,0.009595912750516395,sh603706,东方环宇
719,2024-12-23,17.71,17.85,17.01,17.25,2463400.0,44563604.0,189382714.0,0.01300752295692626,sh603706,东方环宇
720,2024-12-24,17.14,17.58,17.12,17.56,2103800.0,38106470.0,189382714.0,0.011108722414866226,sh603706,东方环宇
721,2024-12-25,17.4,17.6,16.81,17.08,1685300.0,29986323.0,189382714.0,0.008898911439192914,sh603706,东方环宇
722,2024-12-26,17.36,17.36,17.0,17.33,1323100.0,23800320.0,189382714.0,0.006986382083424995,sh603706,东方环宇
723,2024-12-27,17.21,17.69,17.21,17.64,1752600.0,32047058.0,189382714.0,0.009254276501708599,sh603706,东方环宇
724,2024-12-30,17.64,17.64,17.21,17.3,1515700.0,27489516.0,189382714.0,0.00800337036040153,sh603706,东方环宇
725,2024-12-31,17.35,18.09,17.32,17.96,4854417.0,90377147.0,189382714.0,0.025632841020537915,sh603706,东方环宇
726,2025-01-02,17.89,18.21,17.37,17.94,3935676.0,73291183.0,189382714.0,0.020781601007154222,sh603706,东方环宇
727,2025-01-03,17.8,18.7,17.4,18.44,5231902.0,99159603.0,189382714.0,0.027626079959969314,sh603706,东方环宇
728,2025-01-06,18.44,18.97,17.95,18.71,5036365.0,97228390.0,189382714.0,0.026593583403815832,sh603706,东方环宇
729,2025-01-07,18.52,18.92,18.38,18.84,3619742.0,70405151.0,189382714.0,0.019113370611005185,sh603706,东方环宇
730,2025-01-08,18.78,18.78,17.75,18.13,3052800.0,57920607.0,189382714.0,0.016119739418244898,sh603706,东方环宇
731,2025-01-09,17.78,18.09,17.54,17.56,2604400.0,48102771.0,189382714.0,0.013752047084930887,sh603706,东方环宇
732,2025-01-10,17.37,17.56,16.35,16.38,3290028.0,57689851.0,189382714.0,0.017372377502204345,sh603706,东方环宇
733,2025-01-13,16.38,16.51,16.08,16.44,1354100.0,23018050.0,189382714.0,0.007150071785326722,sh603706,东方环宇
734,2025-01-14,16.51,16.91,16.47,16.85,1959400.0,34266691.0,189382714.0,0.010346245222782054,sh603706,东方环宇
735,2025-01-15,16.83,17.46,16.7,17.26,2255800.0,40169030.0,189382714.0,0.011911329985481146,sh603706,东方环宇
736,2025-01-16,17.21,17.35,16.86,17.1,1306300.0,23295491.0,189382714.0,0.006897672825620188,sh603706,东方环宇
737,2025-01-17,17.04,17.13,16.87,17.02,759100.0,13453270.0,189382714.0,0.00400828557140648,sh603706,东方环宇
738,2025-01-20,17.25,17.7,16.92,17.49,1434800.0,26038128.0,189382714.0,0.007576193041567669,sh603706,东方环宇
739,2025-01-21,17.49,17.69,17.01,17.18,982100.0,17602918.0,189382714.0,0.005185795362505999,sh603706,东方环宇
740,2025-01-22,17.01,17.24,17.01,17.07,677200.0,12090935.0,189382714.0,0.003575827939608047,sh603706,东方环宇
741,2025-01-23,17.27,17.47,16.97,17.0,880410.0,15786195.0,189382714.0,0.00464884033713869,sh603706,东方环宇
742,2025-01-24,16.97,17.07,16.7,16.89,926300.0,16293102.0,189382714.0,0.004891153899082891,sh603706,东方环宇
743,2025-01-27,16.95,17.43,16.95,17.15,1094000.0,19662210.0,189382714.0,0.005776662383241588,sh603706,东方环宇
744,2025-02-05,17.17,17.36,16.8,16.95,1269100.0,22491449.0,189382714.0,0.006701245183338116,sh603706,东方环宇
745,2025-02-06,17.18,17.35,16.79,17.35,1059000.0,18942172.0,189382714.0,0.005591851429481574,sh603706,东方环宇
746,2025-02-07,17.35,17.65,17.27,17.48,1349000.0,24514082.0,189382714.0,0.007123142189207406,sh603706,东方环宇
747,2025-02-10,17.48,17.66,17.42,17.65,1142900.0,20886465.0,189382714.0,0.006034869687209151,sh603706,东方环宇
748,2025-02-11,17.74,17.74,17.5,17.57,926200.0,16963789.0,189382714.0,0.004890625867786434,sh603706,东方环宇
749,2025-02-12,17.54,17.71,17.33,17.59,1032000.0,18793182.0,189382714.0,0.005449282979438134,sh603706,东方环宇
750,2025-02-13,17.56,17.56,17.18,17.19,1114800.0,20110521.0,189382714.0,0.005886492892904682,sh603706,东方环宇
751,2025-02-14,17.08,17.28,17.07,17.17,689840.0,12363781.0,189382714.0,0.0036425710954802347,sh603706,东方环宇
752,2025-02-17,17.22,17.31,17.01,17.25,1068800.0,19118991.0,189382714.0,0.0056435984965343775,sh603706,东方环宇
753,2025-02-18,17.2,17.47,16.76,16.85,1389265.0,24812688.0,189382714.0,0.007335753990725891,sh603706,东方环宇
754,2025-02-19,16.79,16.99,16.79,16.97,792400.0,13968191.0,189382714.0,0.004184119993126722,sh603706,东方环宇
755,2025-02-20,16.87,17.11,16.87,17.01,665200.0,11795687.0,189382714.0,0.003512464184033185,sh603706,东方环宇
756,2025-02-21,16.93,17.09,16.54,16.66,1342700.0,23367622.0,189382714.0,0.007089876217530603,sh603706,东方环宇
757,2025-02-24,16.65,16.93,16.59,16.89,885800.0,15472917.0,189382714.0,0.0046773012240177315,sh603706,东方环宇
758,2025-02-25,16.78,16.87,16.66,16.75,856400.0,14926079.0,189382714.0,0.00452206002285932,sh603706,东方环宇
759,2025-02-26,16.75,16.95,16.7,16.92,713677.0,12546486.0,189382714.0,0.003768437915616734,sh603706,东方环宇
760,2025-02-27,16.82,17.02,16.6,16.83,752577.0,13158834.0,189382714.0,0.003973842089938578,sh603706,东方环宇
761,2025-02-28,16.77,17.05,16.65,16.67,916100.0,16085472.0,189382714.0,0.004837294706844258,sh603706,东方环宇
762,2025-03-03,16.61,17.23,16.61,17.08,1675800.0,29801238.0,189382714.0,0.00884874846602948,sh603706,东方环宇
763,2025-03-04,17.08,17.35,16.91,17.34,1234400.0,22162068.0,189382714.0,0.006518018323467474,sh603706,东方环宇
764,2025-03-05,17.53,17.55,17.07,17.13,979200.0,17558251.0,189382714.0,0.0051704824549087414,sh603706,东方环宇
765,2025-03-06,17.14,17.25,17.0,17.25,862400.0,15425558.0,189382714.0,0.004553741900646751,sh603706,东方环宇
766,2025-03-07,17.24,17.32,16.99,17.03,1072200.0,19150260.0,189382714.0,0.0056615515606139215,sh603706,东方环宇
767,2025-03-10,16.89,17.29,16.85,17.25,1111200.0,19906840.0,189382714.0,0.005867483766232223,sh603706,东方环宇
768,2025-03-11,17.22,17.22,16.76,17.1,1460300.0,25774647.0,189382714.0,0.007710841022164251,sh603706,东方环宇
769,2025-03-12,17.16,17.51,16.97,17.37,1818800.0,32550138.0,189382714.0,0.009603833219963253,sh603706,东方环宇
770,2025-03-13,17.35,17.69,17.19,17.55,2327450.0,42252454.0,189382714.0,0.012289664409392718,sh603706,东方环宇
771,2025-03-14,17.62,17.99,17.45,17.83,2505500.0,46235151.0,189382714.0,0.013229824132734732,sh603706,东方环宇
772,2025-03-17,17.91,18.18,17.71,18.03,2436940.0,45553917.0,189382714.0,0.012867805875883688,sh603706,东方环宇
773,2025-03-18,18.02,18.08,17.75,17.88,1310160.0,24366190.0,189382714.0,0.006918054833663436,sh603706,东方环宇
774,2025-03-19,17.88,18.05,17.72,17.93,1164660.0,21686630.0,189382714.0,0.006149769297318234,sh603706,东方环宇
775,2025-03-20,17.93,17.96,17.69,17.74,961900.0,17853189.0,189382714.0,0.005079133040621648,sh603706,东方环宇
776,2025-03-21,17.68,17.83,17.49,17.59,1035700.0,19044897.0,189382714.0,0.005468820137407049,sh603706,东方环宇
777,2025-03-24,17.59,17.7,17.1,17.48,1303300.0,23654247.0,189382714.0,0.006881831886726473,sh603706,东方环宇
778,2025-03-25,18.2,18.22,17.49,17.63,2068300.0,38143183.0,189382714.0,0.010921271304623927,sh603706,东方环宇
779,2025-03-26,17.63,18.03,17.52,17.92,1465350.0,27183070.0,189382714.0,0.007737506602635339,sh603706,东方环宇
780,2025-03-27,17.75,17.99,17.66,17.76,1046500.0,19402339.0,189382714.0,0.005525847517424426,sh603706,东方环宇
781,2025-03-28,17.75,17.82,17.37,17.5,989500.0,18094104.0,189382714.0,0.005224869678443831,sh603706,东方环宇
782,2025-03-31,17.48,17.55,17.05,17.22,1320900.0,23787543.0,189382714.0,0.006974765394902937,sh603706,东方环宇
783,2025-04-01,17.2,17.84,17.2,17.77,1779400.0,32755622.0,189382714.0,0.009395788889159123,sh603706,东方环宇
784,2025-04-02,17.64,18.53,17.61,18.27,2630900.0,49864943.0,189382714.0,0.01389197537849204,sh603706,东方环宇
785,2025-04-03,18.28,18.39,17.99,18.13,1368800.0,25915639.0,189382714.0,0.007227692385905928,sh603706,东方环宇
786,2025-04-07,17.29,17.56,16.31,16.31,2107800.0,36409325.0,189382714.0,0.011129843666724515,sh603706,东方环宇
787,2025-04-08,16.51,16.51,15.46,16.19,1778789.0,29929299.0,189382714.0,0.00939256261793777,sh603706,东方环宇
788,2025-04-09,16.07,16.26,14.97,16.11,1915414.0,31359938.0,189382714.0,0.010113985376722397,sh603706,东方环宇
789,2025-04-10,16.3,16.8,16.3,16.63,1451089.0,25114097.0,189382714.0,0.007662204059447579,sh603706,东方环宇
790,2025-04-11,16.66,16.76,16.39,16.48,751789.0,13008524.0,189382714.0,0.003969681203322495,sh603706,东方环宇
791,2025-04-14,16.58,17.08,16.58,16.79,817701.0,14342272.0,189382714.0,0.004317717191443355,sh603706,东方环宇
792,2025-04-15,16.87,16.96,16.63,16.84,670700.0,11710616.0,189382714.0,0.00354150590533833,sh603706,东方环宇
793,2025-04-16,16.75,16.94,16.35,16.64,738100.0,12799751.0,189382714.0,0.0038973989991504714,sh603706,东方环宇
794,2025-04-17,16.46,16.92,16.45,16.85,585800.0,10253567.0,189382714.0,0.003093207334646181,sh603706,东方环宇
795,2025-04-18,17.78,18.14,16.71,16.95,1874600.0,33226669.0,189382714.0,0.009898474683386362,sh603706,东方环宇
796,2025-04-21,16.78,17.44,16.72,17.4,1594640.0,28448047.0,189382714.0,0.008420198265824831,sh603706,东方环宇
797,2025-04-22,17.4,17.59,17.32,17.45,1030900.0,18731911.0,189382714.0,0.005443474635177105,sh603706,东方环宇
798,2025-04-23,17.48,17.61,17.39,17.6,862400.0,15727904.0,189382714.0,0.004553741900646751,sh603706,东方环宇
799,2025-04-24,17.63,17.76,17.41,17.66,965000.0,17716033.0,189382714.0,0.005095502010811821,sh603706,东方环宇
800,2025-04-25,17.66,17.95,17.55,17.69,1348000.0,24864176.0,189382714.0,0.007117861876242834,sh603706,东方环宇
801,2025-04-28,17.66,17.79,17.33,17.42,1181600.0,21512458.0,189382714.0,0.006239217798938081,sh603706,东方环宇
802,2025-04-29,17.5,17.82,17.31,17.69,1442700.0,26582135.0,189382714.0,0.0076179075139877865,sh603706,东方环宇
803,2025-04-30,17.65,17.95,17.54,17.73,1374700.0,25401065.0,189382714.0,0.007258846232396902,sh603706,东方环宇
804,2025-05-06,17.72,18.2,17.72,18.19,1534500.0,28825833.0,189382714.0,0.00810264024413548,sh603706,东方环宇
805,2025-05-07,18.21,18.5,18.14,18.29,1603900.0,30607826.0,189382714.0,0.008469093963876767,sh603706,东方环宇
806,2025-05-08,18.2,18.44,18.14,18.43,1252900.0,23955161.0,189382714.0,0.0066157041133120525,sh603706,东方环宇
807,2025-05-09,18.46,18.49,18.27,18.36,825500.0,15813537.0,189382714.0,0.00435889835225405,sh603706,东方环宇
808,2025-05-12,18.44,18.55,18.21,18.47,1432000.0,27427693.0,189382714.0,0.007561408165266868,sh603706,东方环宇
809,2025-05-13,18.51,18.6,18.09,18.21,1411800.0,26906540.0,189382714.0,0.007454745843382517,sh603706,东方环宇
810,2025-05-14,18.3,18.3,17.96,18.16,899524.0,16975443.0,189382714.0,0.0047497682391435155,sh603706,东方环宇
811,2025-05-15,18.01,18.32,18.01,18.19,769900.0,14607247.0,189382714.0,0.004065312951423856,sh603706,东方环宇
812,2025-05-16,18.21,18.65,18.21,18.52,1375624.0,26447339.0,189382714.0,0.007263725241576167,sh603706,东方环宇
813,2025-05-19,18.6,18.78,18.36,18.42,1123000.0,21605901.0,189382714.0,0.005929791459214171,sh603706,东方环宇
814,2025-05-20,18.42,18.64,18.35,18.63,1122724.0,21682968.0,189382714.0,0.005928334092835949,sh603706,东方环宇
815,2025-05-21,18.63,18.82,18.4,18.43,1004000.0,19393793.0,189382714.0,0.005301434216430123,sh603706,东方环宇
816,2025-05-22,18.49,18.57,18.18,18.22,1137000.0,21742864.0,189382714.0,0.006003715840718176,sh603706,东方环宇
817,2025-05-23,18.22,18.46,18.13,18.14,988500.0,18828658.0,189382714.0,0.005219589365479259,sh603706,东方环宇
818,2025-05-26,18.04,18.32,17.96,18.09,918900.0,17338541.0,189382714.0,0.00485207958314506,sh603706,东方环宇
819,2025-05-27,18.09,18.22,17.9,18.21,939500.0,17705912.0,189382714.0,0.004960854030215239,sh603706,东方环宇
820,2025-05-28,18.16,18.36,18.12,18.25,637400.0,12105540.0,189382714.0,0.0033656714836180876,sh603706,东方环宇
821,2025-05-29,18.22,18.46,18.12,18.46,985700.0,18827810.0,189382714.0,0.005204804489178458,sh603706,东方环宇
822,2025-05-30,18.46,18.5,18.15,18.24,978500.0,18649852.0,189382714.0,0.005166786235833541,sh603706,东方环宇
823,2025-06-03,18.15,18.26,17.75,17.87,1794000.0,33434675.0,189382714.0,0.009472881458441872,sh603706,东方环宇
824,2025-06-04,17.87,18.07,17.79,18.07,932300.0,17443438.0,189382714.0,0.004922835776870322,sh603706,东方环宇
825,2025-06-05,18.02,18.2,17.86,17.98,805200.0,15116006.0,189382714.0,0.004251707999073242,sh603706,东方环宇
826,2025-06-06,17.96,18.09,17.89,18.09,822300.0,15435875.0,189382714.0,0.00434200135076742,sh603706,东方环宇
827,2025-06-09,18.13,18.13,17.96,18.12,1035700.0,19477614.0,189382714.0,0.005468820137407049,sh603706,东方环宇
828,2025-06-10,18.06,18.17,17.83,18.05,1643700.0,30819181.0,189382714.0,0.008679250419866726,sh603706,东方环宇
829,2025-06-11,18.1,18.28,18.01,18.11,1111400.0,21038730.0,189382714.0,0.005868539828825138,sh603706,东方环宇
830,2025-06-12,18.05,18.23,18.01,18.13,931900.0,17594022.0,189382714.0,0.004920723651684493,sh603706,东方环宇
831,2025-06-13,18.23,19.94,18.23,19.94,10161015.0,207566141.0,189382714.0,0.05365333923770889,sh603706,东方环宇
832,2025-06-16,19.99,20.92,19.56,20.62,11960486.0,251793492.0,189382714.0,0.06315510928837993,sh603706,东方环宇
833,2025-06-17,20.12,20.37,19.39,20.18,7278454.0,150069888.0,189382714.0,0.03843251501823973,sh603706,东方环宇
834,2025-06-18,20.18,22.07,19.6,21.41,10146118.0,218906856.0,189382714.0,0.05357467841547566,sh603706,东方环宇
835,2025-06-19,20.5,21.4,19.49,20.7,9280486.0,188208915.0,189382714.0,0.049003870543327416,sh603706,东方环宇
836,2025-06-20,19.98,22.22,19.7,21.26,9441386.0,197388354.0,189382714.0,0.04985347289932702,sh603706,东方环宇
837,2025-06-23,21.59,23.39,20.73,22.64,13401800.0,295739883.0,189382714.0,0.07076569828859883,sh603706,东方环宇
838,2025-06-24,20.5,21.4,20.5,21.16,11893600.0,249301055.0,189382714.0,0.06280193027543159,sh603706,东方环宇
839,2025-06-25,20.94,21.34,20.64,21.32,8501600.0,179048955.0,189382714.0,0.044891108699603915,sh603706,东方环宇
840,2025-06-26,21.09,22.64,20.63,22.2,11180300.0,242121142.0,189382714.0,0.05903548303780249,sh603706,东方环宇
841,2025-06-27,21.94,22.4,21.01,21.04,9390700.0,203698827.0,189382714.0,0.049585834956404735,sh603706,东方环宇
842,2025-06-30,20.8,22.05,20.27,21.54,9001442.0,189562392.0,189382714.0,0.04753043089244143,sh603706,东方环宇
843,2025-07-01,21.4,21.4,20.47,21.06,8093842.0,168969871.0,189382714.0,0.04273801884579603,sh603706,东方环宇
844,2025-07-02,20.87,21.17,20.6,21.0,4615468.0,96183943.0,189382714.0,0.02437111551796644,sh603706,东方环宇
845,2025-07-03,20.9,21.03,20.37,20.41,4814042.0,99028853.0,189382714.0,0.025419648384593325,sh603706,东方环宇
846,2025-07-04,20.24,20.58,20.13,20.13,3895700.0,79125625.0,189382714.0,0.0205705152160825,sh603706,东方环宇
847,2025-07-07,20.13,20.31,20.0,20.23,3111600.0,62731250.0,189382714.0,0.01643022182056172,sh603706,东方环宇
848,2025-07-08,20.3,20.41,20.1,20.41,3495961.0,70803081.0,189382714.0,0.018459768191937516,sh603706,东方环宇
849,2025-07-09,20.42,20.43,20.01,20.07,3024600.0,61227925.0,189382714.0,0.015970834592643972,sh603706,东方环宇
850,2025-07-10,20.06,20.53,19.92,20.28,2629200.0,53254187.0,189382714.0,0.01388299884645227,sh603706,东方环宇
851,2025-07-11,20.26,20.28,20.08,20.14,2571400.0,51823183.0,189382714.0,0.013577796757100018,sh603706,东方环宇
852,2025-07-14,20.05,20.66,20.05,20.49,3865700.0,78851467.0,189382714.0,0.020412105827145345,sh603706,东方环宇
853,2025-07-15,20.41,20.46,20.02,20.16,2815714.0,56807216.0,189382714.0,0.01486785113872642,sh603706,东方环宇
854,2025-07-16,20.16,20.3,20.08,20.19,1685400.0,34020140.0,189382714.0,0.008899439470489372,sh603706,东方环宇
855,2025-07-17,20.18,20.4,20.13,20.3,2068900.0,41946948.0,189382714.0,0.01092443949240267,sh603706,东方环宇
856,2025-07-18,20.29,20.34,20.11,20.18,1918106.0,38707713.0,189382714.0,0.010128199979223025,sh603706,东方环宇
857,2025-07-21,20.18,20.46,20.11,20.37,2641164.0,53732069.0,189382714.0,0.013946172510760406,sh603706,东方环宇
858,2025-07-22,20.35,20.57,20.19,20.52,3737264.0,76253641.0,189382714.0,0.019733923551227595,sh603706,东方环宇
859,2025-07-23,20.53,20.54,20.17,20.19,2747200.0,55776690.0,189382714.0,0.014506075776271745,sh603706,东方环宇
860,2025-07-24,20.1,20.34,20.1,20.27,1756506.0,35550763.0,189382714.0,0.009274901404148215,sh603706,东方环宇
861,2025-07-25,20.23,20.53,20.2,20.42,2364500.0,48214236.0,189382714.0,0.012485300004730105,sh603706,东方环宇
862,2025-07-28,20.56,20.57,20.27,20.43,1660900.0,33792371.0,189382714.0,0.008770071802857361,sh603706,东方环宇
863,2025-07-29,20.35,20.74,20.29,20.47,3024500.0,61947502.0,189382714.0,0.015970306561347517,sh603706,东方环宇
864,2025-07-30,20.47,21.29,20.45,21.28,9123526.0,191983906.0,189382714.0,0.04817507262040822,sh603706,东方环宇
865,2025-07-31,21.25,21.26,20.59,20.7,5198568.0,108280999.0,189382714.0,0.027450066007608277,sh603706,东方环宇
866,2025-08-01,20.77,21.16,20.5,21.07,4139578.0,86393453.0,189382714.0,0.02185826738125635,sh603706,东方环宇
867,2025-08-04,20.9,21.47,20.74,21.1,4838899.0,102344895.0,189382714.0,0.02555090112395369,sh603706,东方环宇
868,2025-08-05,21.2,21.2,20.8,21.04,2913200.0,61016900.0,189382714.0,0.01538260772839067,sh603706,东方环宇
869,2025-08-06,21.1,21.41,20.85,21.29,4126800.0,87379655.0,189382714.0,0.02179079554219505,sh603706,东方环宇
870,2025-08-07,21.28,21.63,21.12,21.44,4922716.0,105346914.0,189382714.0,0.025993481115705205,sh603706,东方环宇
871,2025-08-08,21.45,22.19,21.42,21.84,6839800.0,149353765.0,189382714.0,0.03611628461507844,sh603706,东方环宇
872,2025-08-11,21.85,22.76,21.69,22.29,8269214.0,183993359.0,189382714.0,0.04366403789101892,sh603706,东方环宇
873,2025-08-12,22.29,24.52,22.15,24.52,15678976.0,376839922.0,189382714.0,0.08278990024401066,sh603706,东方环宇
874,2025-08-13,24.6,25.17,23.7,23.89,16201708.0,393610030.0,189382714.0,0.08555008880060722,sh603706,东方环宇
875,2025-08-14,24.0,24.15,22.35,22.39,12176017.0,280770774.0,189382714.0,0.06429318042194707,sh603706,东方环宇
876,2025-08-15,22.39,22.69,22.04,22.6,7369933.0,165303629.0,189382714.0,0.0389155527679258,sh603706,东方环宇
877,2025-08-18,22.6,22.73,22.28,22.32,6355300.0,142363352.0,189382714.0,0.033557972983743384,sh603706,东方环宇
878,2025-08-19,22.28,22.28,21.8,22.14,4960490.0,109056172.0,189382714.0,0.026192939657628943,sh603706,东方环宇
879,2025-08-20,22.0,22.26,21.89,22.16,2793800.0,61779139.0,189382714.0,0.014752138360420794,sh603706,东方环宇
880,2025-08-21,22.16,22.64,22.0,22.42,4763100.0,106513529.0,189382714.0,0.02515065868155211,sh603706,东方环宇
881,2025-08-22,22.42,22.49,21.95,22.12,3344500.0,73996550.0,189382714.0,0.017660006710010504,sh603706,东方环宇
882,2025-08-25,22.11,22.29,22.01,22.28,3272094.0,72566222.0,189382714.0,0.017277680369497714,sh603706,东方环宇
883,2025-08-26,22.26,22.58,22.16,22.37,3536200.0,79236906.0,189382714.0,0.018672242705318923,sh603706,东方环宇
884,2025-08-27,22.48,22.49,21.45,21.46,4546530.0,100003058.0,189382714.0,0.024007101302814787,sh603706,东方环宇
885,2025-08-28,21.34,21.6,20.42,20.99,4512600.0,94675287.0,189382714.0,0.023827940283926864,sh603706,东方环宇
886,2025-08-29,21.0,21.14,20.9,21.1,1928500.0,40492059.0,189382714.0,0.010183083552176784,sh603706,东方环宇
887,2025-09-01,21.06,21.41,20.88,21.36,2006500.0,42498533.0,189382714.0,0.010594947963413388,sh603706,东方环宇
888,2025-09-02,21.4,21.4,20.68,21.0,2360300.0,49428677.0,189382714.0,0.012463122690278902,sh603706,东方环宇
889,2025-09-03,20.94,21.08,20.46,20.47,1415400.0,29360886.0,189382714.0,0.007473754970054976,sh603706,东方环宇
890,2025-09-04,20.47,20.84,20.33,20.64,1705100.0,35200735.0,189382714.0,0.009003461635891436,sh603706,东方环宇
891,2025-09-05,20.65,20.77,20.37,20.77,1337800.0,27620933.0,189382714.0,0.007064002684004201,sh603706,东方环宇
892,2025-09-08,20.85,21.08,20.77,20.95,1327000.0,27805349.0,189382714.0,0.007006975303986826,sh603706,东方环宇
893,2025-09-09,20.93,20.95,20.61,20.7,1057200.0,21978307.0,189382714.0,0.005582346866145344,sh603706,东方环宇
894,2025-09-10,20.7,21.09,20.67,20.99,1263200.0,26421109.0,189382714.0,0.006670091336847143,sh603706,东方环宇
895,2025-09-11,21.0,21.05,20.61,20.91,1565200.0,32558379.0,189382714.0,0.008264745852147837,sh603706,东方环宇
896,2025-09-12,21.38,21.38,20.83,20.87,1583700.0,33244895.0,189382714.0,0.008362431641992416,sh603706,东方环宇
897,2025-09-15,20.83,21.01,20.75,20.76,1139100.0,23730413.0,189382714.0,0.006014804497943778,sh603706,东方环宇
898,2025-09-16,20.77,20.9,20.63,20.71,1182700.0,24512092.0,189382714.0,0.0062450261431991096,sh603706,东方环宇
899,2025-09-17,20.66,20.73,20.56,20.56,1416790.0,29211890.0,189382714.0,0.007481094605075731,sh603706,东方环宇
900,2025-09-18,20.56,20.68,20.1,20.25,2071704.0,42331914.0,189382714.0,0.01093924548995533,sh603706,东方环宇
901,2025-09-19,20.25,20.6,20.21,20.52,1425700.0,29097464.0,189382714.0,0.007528142193590066,sh603706,东方环宇
902,2025-09-22,20.62,20.65,20.27,20.54,981300.0,20047361.0,189382714.0,0.005181571112134342,sh603706,东方环宇
903,2025-09-23,20.38,20.76,19.93,20.71,2611190.0,53351951.0,189382714.0,0.01378790040996033,sh603706,东方环宇
904,2025-09-24,20.7,21.22,20.7,20.93,1868190.0,39077675.0,189382714.0,0.009864627877283457,sh603706,东方环宇
905,2025-09-25,20.95,21.01,20.51,20.51,1630500.0,33743242.0,189382714.0,0.008609550288734377,sh603706,东方环宇
906,2025-09-26,20.52,20.92,20.3,20.76,1361500.0,28087541.0,189382714.0,0.007189146101264554,sh603706,东方环宇
907,2025-09-29,20.76,21.13,20.53,21.04,2273100.0,47663340.0,189382714.0,0.012002679399768238,sh603706,东方环宇
908,2025-09-30,21.0,21.04,20.82,21.04,1452900.0,30396539.0,189382714.0,0.007671766706226419,sh603706,东方环宇
909,2025-10-09,21.04,21.61,20.97,21.6,3145100.0,67282652.0,189382714.0,0.01660711230487488,sh603706,东方环宇
910,2025-10-10,21.52,22.18,21.48,21.84,4018300.0,87844597.0,189382714.0,0.021217881585539007,sh603706,东方环宇
911,2025-10-13,21.2,22.02,21.01,21.99,3065900.0,66371580.0,189382714.0,0.01618891151808079,sh603706,东方环宇
912,2025-10-14,22.15,22.8,21.82,22.8,6849033.0,153562103.0,189382714.0,0.03616503774468033,sh603706,东方环宇
913,2025-10-15,22.82,22.82,22.06,22.36,4513885.0,100627668.0,189382714.0,0.02383472548608634,sh603706,东方环宇
914,2025-10-16,22.27,22.31,21.76,21.93,3242400.0,71033321.0,189382714.0,0.017120886756327718,sh603706,东方环宇
915,2025-10-17,21.86,22.4,21.6,21.92,3526900.0,77831547.0,189382714.0,0.018623135794748405,sh603706,东方环宇
916,2025-10-20,21.99,22.96,21.91,22.96,7275398.0,164047327.0,189382714.0,0.03841637838182,sh603706,东方环宇
917,2025-10-21,22.74,22.9,22.35,22.6,4507200.0,101404344.0,189382714.0,0.023799426593918177,sh603706,东方环宇
918,2025-10-22,22.41,22.65,21.86,22.04,3649202.0,80957326.0,189382714.0,0.01926892863094147,sh603706,东方环宇
919,2025-10-23,22.0,22.27,21.73,22.13,2234400.0,49156574.0,189382714.0,0.011798331288039308,sh603706,东方环宇
920,2025-10-24,22.04,22.12,21.61,21.71,2722007.0,59204330.0,189382714.0,0.014373048851755287,sh603706,东方环宇
921,2025-10-27,21.73,21.93,21.65,21.79,1824400.0,39757309.0,189382714.0,0.009633402972564856,sh603706,东方环宇
922,2025-10-28,21.6,21.89,21.38,21.47,2214200.0,47808906.0,189382714.0,0.011691668966154957,sh603706,东方环宇
923,2025-10-29,21.36,21.59,21.31,21.43,1820200.0,39005729.0,189382714.0,0.009611225658113655,sh603706,东方环宇
924,2025-10-30,21.3,21.5,21.0,21.02,2671571.0,56585238.0,189382714.0,0.014106730987074143,sh603706,东方环宇
925,2025-10-31,21.03,21.4,20.96,21.21,1405600.0,29817079.0,189382714.0,0.007422007903002172,sh603706,东方环宇
926,2025-11-03,21.34,21.55,21.22,21.45,1562400.0,33526876.0,189382714.0,0.008249960975847036,sh603706,东方环宇
927,2025-11-04,21.46,21.7,21.37,21.49,1800400.0,38751232.0,189382714.0,0.009506675461415133,sh603706,东方环宇
928,2025-11-05,21.5,21.88,21.32,21.86,2183402.0,47416801.0,189382714.0,0.011529045887472075,sh603706,东方环宇
929,2025-11-06,21.95,21.96,21.7,21.88,1674300.0,36568860.0,189382714.0,0.008840827996582624,sh603706,东方环宇
930,2025-11-07,21.76,22.09,21.72,21.74,1450000.0,31650202.0,189382714.0,0.007656453798629161,sh603706,东方环宇
931,2025-11-10,21.77,21.96,21.35,21.4,1619948.0,34866515.0,189382714.0,0.008553832426332215,sh603706,东方环宇
932,2025-11-11,21.36,21.67,21.3,21.43,1544902.0,33235578.0,189382714.0,0.008157566059592957,sh603706,东方环宇
933,2025-11-12,21.43,21.73,21.33,21.49,1488902.0,32058899.0,189382714.0,0.007861868533576935,sh603706,东方环宇
934,2025-11-13,21.6,21.6,21.1,21.51,1118300.0,23893901.0,189382714.0,0.005904973988280683,sh603706,东方环宇
935,2025-11-14,21.55,22.75,21.55,22.4,6261400.0,139532526.0,189382714.0,0.03306215159637009,sh603706,东方环宇
936,2025-11-17,22.4,22.6,21.93,21.99,3422800.0,75788198.0,189382714.0,0.018073455215136477,sh603706,东方环宇
937,2025-11-18,22.06,22.2,21.66,22.05,2776700.0,60826843.0,189382714.0,0.014661845008726615,sh603706,东方环宇
938,2025-11-19,21.9,22.0,21.01,21.2,2763700.0,59002704.0,189382714.0,0.01459320094018718,sh603706,东方环宇
939,2025-11-20,22.0,22.0,20.82,20.98,1875000.0,39588821.0,189382714.0,0.009900586808572191,sh603706,东方环宇
940,2025-11-21,20.82,21.1,20.03,20.09,2178700.0,44384911.0,189382714.0,0.011504217855912657,sh603706,东方环宇
941,2025-11-24,20.13,20.39,19.83,20.0,1486600.0,29820289.0,189382714.0,0.00784971325313249,sh603706,东方环宇
942,2025-11-25,20.1,20.43,20.1,20.14,1218298.0,24696986.0,189382714.0,0.006432994724111938,sh603706,东方环宇
943,2025-11-26,20.15,20.41,19.93,19.95,1014400.0,20450766.0,189382714.0,0.005356349471261669,sh603706,东方环宇
944,2025-11-27,19.86,20.18,19.86,19.99,964000.0,19319755.0,189382714.0,0.005090221697847249,sh603706,东方环宇
945,2025-11-28,20.09,20.33,19.89,20.32,1155400.0,23279769.0,189382714.0,0.006100873599266299,sh603706,东方环宇
